-7030,6710,-7030,6710
617,1490,617,1490
-165,3599,-165,3599
4721,2181,4721,2181
1105,-211,1105,-211
4002,5096,4002,5096
18964,2556,18964,2556
7760,-9197,7760,-9197
-6830,-4327,-6830,-4327
3281,5718,3281,5718
7327,157,7327,157
8397,3612,8397,3612
13454,13733,13454,13733
5495,7803,5495,7803
2787,5645,2787,5645
6595,7712,6595,7712
-3921,189,-3921,189
-13475,-798,-13475,-798
-11600,2414,-11600,2414
-6108,4508,-6108,4508
-568,5991,-568,5991
-822,-6850,-822,-6850
-2307,-11226,-2307,-11226
-919,3992,-919,3992
-1236,3142,-1236,3142
2308,-4169,2308,-4169
6705,-704,6705,-704
270,-4503,270,-4503
-9098,-3317,-9098,-3317
-7065,6436,-7065,6436
1593,853,1593,853
1110,-8699,1110,-8699
-4573,-2738,-4573,-2738
-5125,7681,-5125,7681
-8640,5620,-8640,5620
-8269,-665,-8269,-665
-116,771,-116,771
-6138,-5523,-6138,-5523
-9227,-8686,-9227,-8686
7647,7482,7647,7482
7801,4473,7801,4473
-5320,-8902,-5320,-8902
-2739,6026,-2739,6026
-1336,10515,-1336,10515
-2377,-1537,-2377,-1537
1215,4162,1215,4162
-5723,2011,-5723,2011
-8140,-6836,-8140,-6836
853,940,853,940
-2003,-1368,-2003,-1368
-6167,-9833,-6167,-9833
-634,-1132,-634,-1132
-1252,5335,-1252,5335
-4231,3271,-4231,3271
-1513,7250,-1513,7250
2239,9174,2239,9174
4497,-4061,4497,-4061
-3,-14137,-3,-14137
-3490,-3954,-3490,-3954
6258,-378,6258,-378
13173,-6210,13173,-6210
6798,6317,6798,6317
2498,10590,2498,10590
6251,-5948,6251,-5948
12361,-6405,12361,-6405
11137,1106,11137,1106
-2817,1578,-2817,1578
-8591,6475,-8591,6475
4250,6341,4250,6341
10958,3492,10958,3492
6249,1539,6249,1539
809,-9728,809,-9728
-10766,-5747,-10766,-5747
-15781,15301,-15781,15301
-4282,14179,-4282,14179
225,-115,225,-115
-1451,-3936,-1451,-3936
5730,-8012,5730,-8012
6266,-7740,6266,-7740
-808,5044,-808,5044
-3155,8701,-3155,8701
-7509,-554,-7509,-554
-7915,1741,-7915,1741
1089,9885,1089,9885
2125,3552,2125,3552
-5678,-4656,-5678,-4656
-6954,-4779,-6954,-4779
-126,-3544,-126,-3544
-457,-2224,-457,-2224
-12760,-5224,-12760,-5224
-6502,-3983,-6502,-3983
16637,3747,16637,3747
6826,-432,6826,-432
-16095,3912,-16095,3912
-7495,18219,-7495,18219
-3921,620,-3921,620
-14272,-15601,-14272,-15601
-3205,-3694,-3205,-3694
3293,-7649,3293,-7649
-6925,-9024,-6925,-9024
-4079,5631,-4079,5631
-1216,-3480,-1216,-3480
-4168,-7067,-4168,-7067
2107,10403,2107,10403
-1531,8865,-1531,8865
-10726,-807,-10726,-807
-1711,-7136,-1711,-7136
5462,-10052,5462,-10052
1787,5376,1787,5376
5635,9295,5635,9295
9799,-3818,9799,-3818
4046,2168,4046,2168
-598,7066,-598,7066
3561,-2524,3561,-2524
7205,-2756,7205,-2756
356,754,356,754
-4218,4945,-4218,4945
909,11902,909,11902
-1752,9690,-1752,9690
-5078,5011,-5078,5011
7507,2303,7507,2303
11591,-2735,11591,-2735
-1065,-2530,-1065,-2530
-873,1532,-873,1532
7627,4335,7627,4335
3988,4929,3988,4929
-402,990,-402,990
-4442,-559,-4442,-559
-12734,1140,-12734,1140
-4764,1450,-4764,1450
8358,4436,8358,4436
1497,6177,1497,6177
1134,3412,1134,3412
10113,-739,10113,-739
-2511,-4292,-2511,-4292
-13872,2899,-13872,2899
-10783,10723,-10783,10723
-13872,-1212,-13872,-1212
-4839,-11897,-4839,-11897
9097,-4363,9097,-4363
-3380,2308,-3380,2308
-12405,-2035,-12405,-2035
-2467,-10379,-2467,-10379
2853,-6240,2853,-6240
1498,7742,1498,7742
-8476,2856,-8476,2856
-11964,-6676,-11964,-6676
3492,3008,3492,3008
3976,5456,3976,5456
-4553,1434,-4553,1434
2872,7707,2872,7707
1469,1685,1469,1685
-4757,-6999,-4757,-6999
-4260,100,-4260,100
-11263,-1950,-11263,-1950
-7765,-7725,-7765,-7725
-573,-1287,-573,-1287
-7253,1593,-7253,1593
104,5717,104,5717
4866,11520,4866,11520
-7972,7321,-7972,7321
351,6437,351,6437
10938,800,10938,800
1015,-10603,1015,-10603
-3940,3559,-3940,3559
-9162,11587,-9162,11587
-8677,-16114,-8677,-16114
3620,-23929,3620,-23929
-2109,-3976,-2109,-3976
-6003,-680,-6003,-680
3712,-1067,3712,-1067
-8505,6517,-8505,6517
-19463,3367,-19463,3367
-9504,-2090,-9504,-2090
-7225,-294,-7225,-294
-2408,-311,-2408,-311
9688,-2530,9688,-2530
6861,-673,6861,-673
180,4452,180,4452
-1056,3575,-1056,3575
-1230,-3027,-1230,-3027
4364,-3422,4364,-3422
7527,-1263,7527,-1263
3906,-4644,3906,-4644
1741,-5601,1741,-5601
-2720,-1507,-2720,-1507
-3981,421,-3981,421
8145,353,8145,353
9349,-210,9349,-210
-10907,-5554,-10907,-5554
-12213,-11902,-12213,-11902
5419,-8465,5419,-8465
-1369,1567,-1369,1567
-11491,7220,-11491,7220
-664,3008,-664,3008
-2349,-8493,-2349,-8493
-5833,-6847,-5833,-6847
8432,9983,8432,9983
6227,10868,6227,10868
-2609,1216,-2609,1216
9415,2853,9415,2853
16885,-1514,16885,-1514
7757,-11179,7757,-11179
-7185,-10110,-7185,-10110
-14300,-7346,-14300,-7346
-2828,513,-2828,513
3637,13039,3637,13039
-948,15028,-948,15028
2260,12184,2260,12184
-362,5132,-362,5132
-4800,-2317,-4800,-2317
1614,5698,1614,5698
-3717,11293,-3717,11293
-10533,2428,-10533,2428
-593,-3760,-593,-3760
2812,-4334,2812,-4334
-1340,-1444,-1340,-1444
665,-1382,665,-1382
933,-1192,933,-1192
-3493,11383,-3493,11383
-2308,7667,-2308,7667
13010,-9453,13010,-9453
21429,3447,21429,3447
4693,10013,4693,10013
-6420,-9223,-6420,-9223
1055,-4249,1055,-4249
8043,4820,8043,4820
9290,-7448,9290,-7448
-2283,-10941,-2283,-10941
-8073,-8213,-8073,-8213
4468,-1615,4468,-1615
-4400,6081,-4400,6081
-15966,-4948,-15966,-4948
3209,-4035,3209,-4035
3645,12104,3645,12104
-9310,-769,-9310,-769
2958,-16958,2958,-16958
6352,-7071,6352,-7071
1826,3263,1826,3263
7525,5674,7525,5674
1446,2146,1446,2146
-282,-1951,-282,-1951
7695,2613,7695,2613
4427,2410,4427,2410
5006,628,5006,628
1729,9225,1729,9225
-11328,11693,-11328,11693
-5415,3679,-5415,3679
1717,-6305,1717,-6305
-4145,-11403,-4145,-11403
69,895,69,895
2893,13576,2893,13576
128,6672,128,6672
6864,148,6864,148
9334,1830,9334,1830
6712,2442,6712,2442
7885,6788,7885,6788
-1798,5709,-1798,5709
-16869,-4520,-16869,-4520
-11282,-4042,-11282,-4042
4459,-5983,4459,-5983
-2967,-21600,-2967,-21600
-18692,-10337,-18692,-10337
-8133,17671,-8133,17671
5495,8143,5495,8143
1433,-4827,1433,-4827
3335,11815,3335,11815
9566,7750,9566,7750
7636,-10193,7636,-10193
4761,-918,4761,-918
4319,4322,4319,4322
8027,-2623,8027,-2623
859,3796,859,3796
-12368,7204,-12368,7204
6649,4740,6649,4740
23006,7560,23006,7560
-3952,4080,-3952,4080
-17084,2104,-17084,2104
756,7396,756,7396
8440,4450,8440,4450
5866,896,5866,896
-1637,6276,-1637,6276
-3276,8367,-3276,8367
7570,1195,7570,1195
4773,-8840,4773,-8840
-739,-11372,-739,-11372
6162,-5973,6162,-5973
3770,-2555,3770,-2555
-1262,1351,-1262,1351
-5287,7877,-5287,7877
-11348,7286,-11348,7286
-4388,4277,-4388,4277
-3560,6284,-3560,6284
-7677,3145,-7677,3145
2734,-1627,2734,-1627
-1374,3685,-1374,3685
-5331,3458,-5331,3458
9276,-5836,9276,-5836
1976,560,1976,560
-1290,13906,-1290,13906
15010,8847,15010,8847
1848,-1931,1848,-1931
-10494,1142,-10494,1142
-280,11339,-280,11339
278,6907,278,6907
9125,-8898,9125,-8898
12942,-3027,12942,-3027
-5119,9155,-5119,9155
319,-3576,319,-3576
11733,-5294,11733,-5294
549,7468,549,7468
-2815,-2332,-2815,-2332
-1379,-5124,-1379,-5124
-452,8242,-452,8242
4791,5587,4791,5587
2119,8138,2119,8138
4318,15236,4318,15236
362,187,362,187
-18090,-7023,-18090,-7023
-8745,1628,-8745,1628
7194,-1607,7194,-1607
-2491,-6876,-2491,-6876
275,-4515,275,-4515
9101,-4164,9101,-4164
3443,-4893,3443,-4893
3629,-3473,3629,-3473
1951,-1776,1951,-1776
-2959,-3444,-2959,-3444
1665,-6430,1665,-6430
7927,-4380,7927,-4380
16065,3474,16065,3474
14202,9331,14202,9331
1924,1861,1924,1861
3103,-3115,3103,-3115
-1415,8750,-1415,8750
-10943,7963,-10943,7963
2338,2053,2338,2053
7447,16385,7447,16385
1704,12321,1704,12321
9265,-2592,9265,-2592
1983,9456,1983,9456
-7554,7753,-7554,7753
2069,-8179,2069,-8179
-3715,-5382,-3715,-5382
-9585,-7335,-9585,-7335
3405,1767,3405,1767
3569,21996,3569,21996
954,1881,954,1881
2043,-15201,2043,-15201
-5490,3626,-5490,3626
6053,-1296,6053,-1296
18546,-18732,18546,-18732
-964,-9187,-964,-9187
-8760,408,-8760,408
2986,-1110,2986,-1110
-120,-608,-120,-608
-4347,3099,-4347,3099
-8476,3211,-8476,3211
-15684,-5710,-15684,-5710
-605,-6441,-605,-6441
12842,4573,12842,4573
534,4647,534,4647
-5552,-1203,-5552,-1203
-4740,81,-4740,81
-10730,2602,-10730,2602
-5516,1679,-5516,1679
5521,-3004,5521,-3004
7646,315,7646,315
4381,10891,4381,10891
-1600,2430,-1600,2430
1768,-15998,1768,-15998
10672,-13510,10672,-13510
3258,-2324,3258,-2324
-10608,-4744,-10608,-4744
-15882,-11185,-15882,-11185
-12412,-8691,-12412,-8691
396,-3335,396,-3335
7935,104,7935,104
6407,3148,6407,3148
4433,-27,4433,-27
-4622,-791,-4622,-791
-9065,11347,-9065,11347
-2812,10240,-2812,10240
-3577,-10899,-3577,-10899
-1661,-14634,-1661,-14634
-452,2181,-452,2181
-14763,6920,-14763,6920
-12466,-2953,-12466,-2953
10354,-6093,10354,-6093
17800,-5301,17800,-5301
9746,-9546,9746,-9546
2525,280,2525,280
7580,12388,7580,12388
12284,-4064,12284,-4064
-3661,-12696,-3661,-12696
-9919,-854,-9919,-854
207,-9262,207,-9262
-3001,-9327,-3001,-9327
-2342,12035,-2342,12035
-1015,5907,-1015,5907
-10987,-5235,-10987,-5235
-475,3352,-475,3352
5996,1968,5996,1968
-9959,1241,-9959,1241
-2192,2891,-2192,2891
10759,-9842,10759,-9842
4097,-8973,4097,-8973
5597,4323,5597,4323
7331,144,7331,144
9261,-9388,9261,-9388
16367,-5654,16367,-5654
4055,7504,4055,7504
-4057,11222,-4057,11222
5214,494,5214,494
157,-2342,157,-2342
-1376,-2560,-1376,-2560
11700,-12702,11700,-12702
9943,-12485,9943,-12485
1118,-5783,1118,-5783
5331,-4504,5331,-4504
14134,5115,14134,5115
9620,10690,9620,10690
-1350,-1099,-1350,-1099
4331,-6331,4331,-6331
8703,189,8703,189
1936,1615,1936,1615
8861,4368,8861,4368
4708,9157,4708,9157
-18068,-3224,-18068,-3224
-12652,-13977,-12652,-13977
3168,-1921,3168,-1921
-20,-897,-20,-897
824,-8087,824,-8087
1085,5125,1085,5125
-4759,3458,-4759,3458
-1248,-7162,-1248,-7162
-2863,8336,-2863,8336
-12569,5034,-12569,5034
-10567,-12570,-10567,-12570
-459,-1436,-459,-1436
8861,-2116,8861,-2116
14100,-14321,14100,-14321
7914,-5423,7914,-5423
-2234,-2858,-2234,-2858
-1685,-960,-1685,-960
2526,3482,2526,3482
-191,-9094,-191,-9094
-2671,-2544,-2671,-2544
-2906,11598,-2906,11598
-57,-3843,-57,-3843
7939,-8330,7939,-8330
2231,-2384,2231,-2384
-8127,-9465,-8127,-9465
2477,-1641,2477,-1641
3766,4011,3766,4011
-8207,-7036,-8207,-7036
767,-1830,767,-1830
4575,7521,4575,7521
-4556,2667,-4556,2667
-3101,-2683,-3101,-2683
-10794,-4186,-10794,-4186
-9251,-442,-9251,-442
14713,2678,14713,2678
6660,1947,6660,1947
-16744,3813,-16744,3813
-10544,4930,-10544,4930
-510,10412,-510,10412
5095,13308,5095,13308
7515,4745,7515,4745
-2126,9802,-2126,9802
-4601,12490,-4601,12490
-1928,-6213,-1928,-6213
-768,-4372,-768,-4372
2143,2186,2143,2186
-9500,-11254,-9500,-11254
-11909,-1255,-11909,-1255
6064,10444,6064,10444
2009,-2997,2009,-2997
-2490,-855,-2490,-855
10300,-2402,10300,-2402
-277,-19550,-277,-19550
-9075,-8964,-9075,-8964
563,4738,563,4738
-7537,-1748,-7537,-1748
-7897,1415,-7897,1415
4900,7431,4900,7431
-8154,5234,-8154,5234
-18081,6549,-18081,6549
-7674,7004,-7674,7004
-4338,-1010,-4338,-1010
-943,-14239,-943,-14239
-132,-15625,-132,-15625
-4870,-2730,-4870,-2730
8166,2983,8166,2983
13279,6063,13279,6063
-6360,9205,-6360,9205
-7026,1753,-7026,1753
5677,6232,5677,6232
-308,19337,-308,19337
-4346,14778,-4346,14778
2376,9436,2376,9436
5246,3921,5246,3921
7310,-8555,7310,-8555
8572,-3915,8572,-3915
5015,3918,5015,3918
-2021,-714,-2021,-714
-6383,1281,-6383,1281
-3271,1860,-3271,1860
-4226,-1950,-4226,-1950
-2833,-2493,-2833,-2493
8096,-12008,8096,-12008
-3633,-9905,-3633,-9905
-20220,12642,-20220,12642
-2616,14805,-2616,14805
4451,413,4451,413
-8295,-1803,-8295,-1803
1354,-1498,1354,-1498
9755,-4364,9755,-4364
9080,-2929,9080,-2929
17007,3194,17007,3194
10723,4097,10723,4097
2867,-6170,2867,-6170
8690,-4852,8690,-4852
5485,6927,5485,6927
4535,-1162,4535,-1162
8145,-6819,8145,-6819
1578,6197,1578,6197
-2982,3325,-2982,3325
-7382,-6044,-7382,-6044
-4802,-639,-4802,-639
9813,-149,9813,-149
10466,944,10466,944
9374,5575,9374,5575
10751,-6495,10751,-6495
-4243,-10334,-4243,-10334
-5211,7695,-5211,7695
1509,9273,1509,9273
-5490,-4060,-5490,-4060
3198,-3424,3198,-3424
1625,3905,1625,3905
-15383,8123,-15383,8123
462,7710,462,7710
2549,515,2549,515
-20292,-4132,-20292,-4132
-3917,-9706,-3917,-9706
9391,-16266,9391,-16266
-9971,-1182,-9971,-1182
-7446,13535,-7446,13535
7668,-5763,7668,-5763
7130,-18772,7130,-18772
412,-3734,412,-3734
-8925,466,-8925,466
-9179,-2462,-9179,-2462
2999,2383,2999,2383
9867,-5454,9867,-5454
5452,-10576,5452,-10576
96,2366,96,2366
367,3335,367,3335
-4339,-2962,-4339,-2962
-4702,5206,-4702,5206
10308,5209,10308,5209
2906,-6334,2906,-6334
-19187,-2530,-19187,-2530
-7952,7766,-7952,7766
6009,3025,6009,3025
970,-7469,970,-7469
6394,-4221,6394,-4221
10699,10529,10699,10529
6616,10795,6616,10795
8273,-5119,8273,-5119
4311,-3871,4311,-3871
-3929,7010,-3929,7010
-2121,-6308,-2121,-6308
6102,-21506,6102,-21506
6066,-14002,6066,-14002
-4814,-5392,-4814,-5392
-6177,-3219,-6177,-3219
-385,-4998,-385,-4998
-95,-12075,-95,-12075
4957,-6664,4957,-6664
1880,2506,1880,2506
-3526,-6263,-3526,-6263
12749,-9109,12749,-9109
11435,1717,11435,1717
-7229,1460,-7229,1460
2339,-3081,2339,-3081
6319,-897,6319,-897
-9568,-580,-9568,-580
-9745,-811,-9745,-811
-2350,1739,-2350,1739
5950,108,5950,108
9310,-10974,9310,-10974
-1750,-16639,-1750,-16639
-6192,-3789,-6192,-3789
-9195,3049,-9195,3049
-8497,-3522,-8497,-3522
12614,3242,12614,3242
12276,10595,12276,10595
-6476,-2625,-6476,-2625
1433,-15929,1433,-15929
5783,-10766,5783,-10766
-853,6317,-853,6317
8433,9482,8433,9482
7666,-1415,7666,-1415
-2736,5718,-2736,5718
4441,10298,4441,10298
11097,-5626,11097,-5626
4182,-1873,4182,-1873
2796,5195,2796,5195
7319,-6473,7319,-6473
-4777,1335,-4777,1335
-14856,7935,-14856,7935
3399,-5283,3399,-5283
6977,1893,6977,1893
-8941,6514,-8941,6514
3595,-9694,3595,-9694
11168,-8909,11168,-8909
-4940,-3255,-4940,-3255
-957,-4371,-957,-4371
5331,5134,5331,5134
-2795,9223,-2795,9223
-5823,1052,-5823,1052
-9547,-10751,-9547,-10751
-5662,-15523,-5662,-15523
-52,2088,-52,2088
-10502,7652,-10502,7652
-7485,-13410,-7485,-13410
3857,-9448,3857,-9448
-3976,7554,-3976,7554
-7207,428,-7207,428
-2455,-784,-2455,-784
-5513,4734,-5513,4734
-7996,-5331,-7996,-5331
-6006,-8293,-6006,-8293
-1684,363,-1684,363
-3276,2900,-3276,2900
-6038,1509,-6038,1509
-4275,-89,-4275,-89
-21262,3342,-21262,3342
-30183,8503,-30183,8503
-2597,3472,-2597,3472
4748,4311,4748,4311
-5935,14454,-5935,14454
7557,7205,7557,7205
7887,-3640,7887,-3640
-2666,1006,-2666,1006
5693,-645,5693,-645
3489,-3187,3489,-3187
-4311,4310,-4311,4310
1659,-907,1659,-907
8244,-7819,8244,-7819
15848,-2472,15848,-2472
8392,-5507,8392,-5507
-12639,-8896,-12639,-8896
-6084,-9125,-6084,-9125
10871,-12504,10871,-12504
7682,5998,7682,5998
7792,14999,7792,14999
14635,-15171,14635,-15171
9998,-14435,9998,-14435
29,13380,29,13380
-2512,-865,-2512,-865
3059,-11525,3059,-11525
5350,14142,5350,14142
354,17062,354,17062
-2228,-7144,-2228,-7144
266,-15474,266,-15474
4971,-2288,4971,-2288
10019,6107,10019,6107
9061,-2544,9061,-2544
-3592,-5064,-3592,-5064
-16677,-1995,-16677,-1995
-11523,-8933,-11523,-8933
-235,-4320,-235,-4320
677,6140,677,6140
4166,1083,4166,1083
5900,1775,5900,1775
481,4468,481,4468
7064,-10194,7064,-10194
9901,-18803,9901,-18803
-461,-6346,-461,-6346
6329,9184,6329,9184
15305,9136,15305,9136
5173,202,5173,202
1402,-964,1402,-964
2815,-3073,2815,-3073
-1786,-4507,-1786,-4507
1059,-237,1059,-237
485,-11346,485,-11346
-10815,-15515,-10815,-15515
-8920,4682,-8920,4682
2835,4280,2835,4280
1113,-8055,1113,-8055
-4166,-5336,-4166,-5336
1555,-13301,1555,-13301
5416,-17077,5416,-17077
3392,-5167,3392,-5167
3800,-7689,3800,-7689
2679,-6904,2679,-6904
2928,8037,2928,8037
7366,11600,7366,11600
7423,7221,7423,7221
7059,527,7059,527
2725,-1685,2725,-1685
-8844,7072,-8844,7072
-4864,4978,-4864,4978
6061,-2457,6061,-2457
7,921,7,921
-5151,-2135,-5151,-2135
-3708,-4630,-3708,-4630
-3384,5919,-3384,5919
5236,8468,5236,8468
7807,175,7807,175
-4350,-775,-4350,-775
-6792,5147,-6792,5147
3736,3772,3736,3772
10304,618,10304,618
7445,7113,7445,7113
2147,4947,2147,4947
194,56,194,56
-2802,12651,-2802,12651
-1390,6032,-1390,6032
3383,-14751,3383,-14751
-2970,-1474,-2970,-1474
-2581,8500,-2581,8500
10184,-4610,10184,-4610
6331,-882,6331,-882
-742,1492,-742,1492
5040,-3111,5040,-3111
2294,8392,2294,8392
-2091,7218,-2091,7218
1390,-2698,1390,-2698
-2345,6653,-2345,6653
-5038,8347,-5038,8347
2020,-1491,2020,-1491
5489,7,5489,7
5119,1417,5119,1417
8033,-4381,8033,-4381
3753,-6062,3753,-6062
-10075,1356,-10075,1356
-9571,8133,-9571,8133
339,1519,339,1519
-7689,-7200,-7689,-7200
-9493,-8370,-9493,-8370
7238,-9252,7238,-9252
3324,-5479,3324,-5479
-11835,-2826,-11835,-2826
-9432,-10042,-9432,-10042
-2468,-7114,-2468,-7114
5903,4728,5903,4728
9292,984,9292,984
86,-9652,86,-9652
-1872,-10305,-1872,-10305
-3740,-3192,-3740,-3192
-8939,7847,-8939,7847
8414,11804,8414,11804
22386,2023,22386,2023
8278,-3613,8278,-3613
-1634,1959,-1634,1959
-4269,2154,-4269,2154
-11877,-1815,-11877,-1815
-5563,-1208,-5563,-1208
8310,-2474,8310,-2474
7158,640,7158,640
2892,8608,2892,8608
7190,1970,7190,1970
6619,-7342,6619,-7342
93,284,93,284
-897,8983,-897,8983
-1260,6586,-1260,6586
-3303,194,-3303,194
-229,5001,-229,5001
1859,15455,1859,15455
-1847,-1051,-1847,-1051
-5947,-17694,-5947,-17694
-14,3282,-14,3282
16767,9130,16767,9130
15749,-5302,15749,-5302
-3197,11148,-3197,11148
-4558,17696,-4558,17696
-2752,-346,-2752,-346
-9546,5400,-9546,5400
706,8633,706,8633
5692,-1261,5692,-1261
-5617,6369,-5617,6369
76,3105,76,3105
9548,-8998,9548,-8998
7208,2431,7208,2431
2441,9657,2441,9657
-9456,2724,-9456,2724
-7847,-626,-7847,-626
7683,-6632,7683,-6632
80,-9244,80,-9244
-8083,-5400,-8083,-5400
4303,-4409,4303,-4409
3690,-2067,3690,-2067
-6346,-2838,-6346,-2838
-4060,-4518,-4060,-4518
2572,1335,2572,1335
8009,-1285,8009,-1285
9954,-7449,9954,-7449
8785,-212,8785,-212
4802,-250,4802,-250
-5153,-10217,-5153,-10217
-7014,-5059,-7014,-5059
669,3508,669,3508
969,-3513,969,-3513
462,-9157,462,-9157
2504,-3590,2504,-3590
357,999,357,999
3797,6496,3797,6496
7384,10256,7384,10256
1271,-1929,1271,-1929
889,-9614,889,-9614
5331,-1873,5331,-1873
-624,-5449,-624,-5449
-6285,-6090,-6285,-6090
1297,9024,1297,9024
12580,7940,12580,7940
13229,5325,13229,5325
922,14919,922,14919
-10155,4075,-10155,4075
-4686,-6061,-4686,-6061
6188,6798,6188,6798
624,11188,624,11188
-9844,5231,-9844,5231
-2565,-2012,-2565,-2012
8100,-3710,8100,-3710
4283,11328,4283,11328
-400,9147,-400,9147
1806,-8766,1806,-8766
2830,-1588,2830,-1588
4276,1230,4276,1230
4614,-7819,4614,-7819
-1634,2726,-1634,2726
-2586,6640,-2586,6640
4204,4495,4204,4495
1792,13129,1792,13129
-3556,6575,-3556,6575
1607,1726,1607,1726
5358,5144,5358,5144
5154,-7930,5154,-7930
9053,-6074,9053,-6074
9562,4180,9562,4180
2321,-8490,2321,-8490
-7931,-5555,-7931,-5555
-6904,6018,-6904,6018
11331,-808,11331,-808
9456,7206,9456,7206
-18311,15669,-18311,15669
-17469,5241,-17469,5241
2603,5204,2603,5204
-593,3115,-593,3115
72,-2989,72,-2989
13430,9339,13430,9339
9240,14427,9240,14427
1953,7297,1953,7297
3834,6146,3834,6146
-2059,-1266,-2059,-1266
-7520,-7922,-7520,-7922
-1073,-3957,-1073,-3957
4769,-2212,4769,-2212
1927,539,1927,539
-3598,2063,-3598,2063
-5180,-4373,-5180,-4373
-4972,-4760,-4972,-4760
-6437,307,-6437,307
-4226,1558,-4226,1558
1849,4036,1849,4036
831,628,831,628
-5406,-10147,-5406,-10147
-2912,-2387,-2912,-2387
580,17332,580,17332
-7480,11218,-7480,11218
-7821,-3062,-7821,-3062
7243,3935,7243,3935
10617,4231,10617,4231
-1264,-766,-1264,-766
-6327,10043,-6327,10043
-416,2309,-416,2309
5950,-15840,5950,-15840
5300,-5014,5300,-5014
886,-35,886,-35
-4338,-13602,-4338,-13602
-12235,-10439,-12235,-10439
-11759,3365,-11759,3365
-2077,14406,-2077,14406
898,13352,898,13352
3744,-3700,3744,-3700
11953,-9322,11953,-9322
12586,-6485,12586,-6485
7809,-7826,7809,-7826
2935,1788,2935,1788
417,3283,417,3283
7132,-6291,7132,-6291
11793,1994,11793,1994
3735,7505,3735,7505
-4935,171,-4935,171
-3784,791,-3784,791
71,1417,71,1417
-2776,-73,-2776,-73
2083,-810,2083,-810
14072,-2998,14072,-2998
-125,-1662,-125,-1662
-16646,-11615,-16646,-11615
-641,-20282,-641,-20282
4219,-720,4219,-720
-7301,10019,-7301,10019
-944,-4007,-944,-4007
-3096,-9030,-3096,-9030
-12486,-729,-12486,-729
-5199,10759,-5199,10759
-3970,7309,-3970,7309
-646,-5574,-646,-5574
9155,7697,9155,7697
-1226,14021,-1226,14021
-1941,-7759,-1941,-7759
11204,-3759,11204,-3759
-3854,10670,-3854,10670
-17051,1982,-17051,1982
-4052,-2011,-4052,-2011
2232,-5415,2232,-5415
1002,-8793,1002,-8793
633,991,633,991
-2313,-1868,-2313,-1868
-598,-8492,-598,-8492
-968,-3478,-968,-3478
-480,-6357,-480,-6357
11569,-3181,11569,-3181
14291,5481,14291,5481
957,845,957,845
-8051,4624,-8051,4624
-5935,8264,-5935,8264
4731,-5439,4731,-5439
10544,-7835,10544,-7835
2051,-2913,2051,-2913
-4105,-8013,-4105,-8013
-2288,-8095,-2288,-8095
-613,-7874,-613,-7874
3618,-9591,3618,-9591
5871,5459,5871,5459
3796,18483,3796,18483
251,5918,251,5918
-12248,1025,-12248,1025
-14695,19639,-14695,19639
9538,15526,9538,15526
17474,-8104,17474,-8104
-2163,-4822,-2163,-4822
-970,-25,-970,-25
9824,-12623,9824,-12623
-4635,-8443,-4635,-8443
-11721,-718,-11721,-718
819,-5316,819,-5316
-1272,-5467,-1272,-5467
-5586,-5836,-5586,-5836
8048,1138,8048,1138
10238,5699,10238,5699
-3396,-16865,-3396,-16865
-2283,-18744,-2283,-18744
8524,10204,8524,10204
9496,8778,9496,8778
3915,-8471,3915,-8471
-2003,-8155,-2003,-8155
-169,-4431,-169,-4431
8902,-557,8902,-557
5897,-3483,5897,-3483
-6470,-6523,-6470,-6523
-10187,4193,-10187,4193
-9176,3995,-9176,3995
-7246,-3799,-7246,-3799
-2245,-376,-2245,-376
4189,-117,4189,-117
11538,2552,11538,2552
10212,6038,10212,6038
5117,-515,5117,-515
8501,2216,8501,2216
3178,3879,3178,3879
-2666,-3130,-2666,-3130
7220,1884,7220,1884
499,483,499,483
-10338,-5626,-10338,-5626
6433,-760,6433,-760
10224,-11202,10224,-11202
-3362,-14827,-3362,-14827
446,6115,446,6115
7981,4271,7981,4271
10151,-7076,10151,-7076
465,-1731,465,-1731
-15532,-6481,-15532,-6481
-1174,-7887,-1174,-7887
9664,2714,9664,2714
-9745,-1769,-9745,-1769
-4855,-8023,-4855,-8023
6972,-1221,6972,-1221
-4591,4727,-4591,4727
509,1735,509,1735
7182,-5925,7182,-5925
1392,-6167,1392,-6167
9585,-7496,9585,-7496
7870,-10797,7870,-10797
-1319,7767,-1319,7767
5872,18730,5872,18730
2422,-302,2422,-302
-6489,-2662,-6489,-2662
-3402,7059,-3402,7059
-5738,-2066,-5738,-2066
-7951,-4627,-7951,-4627
-5223,236,-5223,236
-4486,-2271,-4486,-2271
-1441,1225,-1441,1225
-2886,4292,-2886,4292
-7524,-49,-7524,-49
-7183,-7946,-7183,-7946
-3261,-18389,-3261,-18389
2306,-12666,2306,-12666
-1833,164,-1833,164
-1944,-3184,-1944,-3184
12725,-305,12725,-305
7977,5321,7977,5321
1400,-8745,1400,-8745
14077,-13528,14077,-13528
3002,-5772,3002,-5772
-5478,-7935,-5478,-7935
12678,-3415,12678,-3415
3746,3733,3746,3733
-9002,1930,-9002,1930
-91,9350,-91,9350
-3568,8914,-3568,8914
6090,-10036,6090,-10036
16654,-11374,16654,-11374
-8319,2331,-8319,2331
-8856,5586,-8856,5586
8078,801,8078,801
-14283,-6863,-14283,-6863
-22969,-3555,-22969,-3555
-101,8504,-101,8504
2735,3975,2735,3975
-3170,-2574,-3170,-2574
1629,1929,1629,1929
5905,2033,5905,2033
6661,9856,6661,9856
-173,15582,-173,15582
-5849,-4239,-5849,-4239
272,-12323,272,-12323
3750,1931,3750,1931
1046,4776,1046,4776
4298,5160,4298,5160
7862,7995,7862,7995
863,1018,863,1018
-6639,-4468,-6639,-4468
181,-8212,181,-8212
8345,-7508,8345,-7508
-2870,4115,-2870,4115
-18221,4278,-18221,4278
-13064,-4383,-13064,-4383
-367,2362,-367,2362
227,15293,227,15293
-1913,19397,-1913,19397
-1410,10964,-1410,10964
-4019,-2694,-4019,-2694
-2705,-7406,-2705,-7406
-462,-6649,-462,-6649
-2545,-1151,-2545,-1151
5998,5468,5998,5468
15785,-783,15785,-783
4386,-114,4386,-114
-11474,11328,-11474,11328
-8539,4642,-8539,4642
7548,633,7548,633
12406,13188,12406,13188
-2018,7211,-2018,7211
-12349,-10758,-12349,-10758
-13802,-10417,-13802,-10417
-10759,-1381,-10759,-1381
4200,-5472,4200,-5472
2938,-14232,2938,-14232
-13429,-2320,-13429,-2320
-3174,11979,-3174,11979
2360,6134,2360,6134
-11599,5893,-11599,5893
422,4857,422,4857
12230,-6729,12230,-6729
2131,3978,2131,3978
2399,10563,2399,10563
1520,-6587,1520,-6587
-218,-1075,-218,-1075
8164,8121,8164,8121
-2566,-3524,-2566,-3524
-15566,-1958,-15566,-1958
-5024,-666,-5024,-666
909,-8788,909,-8788
-6723,-4004,-6723,-4004
-14691,-5789,-14691,-5789
-8677,-11843,-8677,-11843
10018,-4243,10018,-4243
7799,-3093,7799,-3093
-4569,-3781,-4569,-3781
130,2989,130,2989
-6187,331,-6187,331
-19360,-4390,-19360,-4390
-11594,-588,-11594,-588
-5072,1823,-5072,1823
-6539,-6327,-6539,-6327
397,-17087,397,-17087
4267,-8509,4267,-8509
-3425,3644,-3425,3644
-7715,-4375,-7715,-4375
-1870,-6196,-1870,-6196
108,-3100,108,-3100
422,-12824,422,-12824
7790,-845,7790,-845
2339,22268,2339,22268
-7104,10772,-7104,10772
-605,-3663,-605,-3663
-3588,3219,-3588,3219
-5578,788,-5578,788
7615,-3051,7615,-3051
515,4968,515,4968
-3306,2083,-3306,2083
13283,-406,13283,-406
4542,13097,4542,13097
-6132,12079,-6132,12079
274,-3405,274,-3405
-12318,-6108,-12318,-6108
-17985,-5115,-17985,-5115
-4397,-2116,-4397,-2116
-1434,4775,-1434,4775
1586,-1127,1586,-1127
-924,-2094,-924,-2094
-8547,6626,-8547,6626
5294,152,5294,152
8975,-2035,8975,-2035
-8789,1982,-8789,1982
-8655,-4629,-8655,-4629
-2420,4495,-2420,4495
-4738,10215,-4738,10215
-640,-6479,-640,-6479
1005,531,1005,531
-3024,10454,-3024,10454
-46,-5348,-46,-5348
5459,-4536,5459,-4536
2766,3976,2766,3976
-1141,5249,-1141,5249
3815,13652,3815,13652
1759,623,1759,623
-6520,-16189,-6520,-16189
3503,1418,3503,1418
12546,13122,12546,13122
8189,2307,8189,2307
10521,-7398,10521,-7398
5764,-11562,5764,-11562
1091,-6447,1091,-6447
13816,-2745,13816,-2745
7738,-613,7738,-613
-7030,6289,-7030,6289
-191,-797,-191,-797
-1572,967,-1572,967
-3350,17578,-3350,17578
7963,2454,7963,2454
2039,-10428,2039,-10428
-3185,4370,-3185,4370
400,-2425,400,-2425
-12530,-4303,-12530,-4303
-14010,15197,-14010,15197
1240,6084,1240,6084
2987,-1833,2987,-1833
3165,10594,3165,10594
5155,85,5155,85
4318,-6574,4318,-6574
11560,9870,11560,9870
14074,9649,14074,9649
7332,1954,7332,1954
-2747,6134,-2747,6134
-14970,7921,-14970,7921
-9074,8002,-9074,8002
1745,1994,1745,1994
-3618,-13136,-3618,-13136
3076,-10702,3076,-10702
11524,5228,11524,5228
1571,1268,1571,1268
7156,-10610,7156,-10610
18715,-6951,18715,-6951
11605,-3895,11605,-3895
5603,-7785,5603,-7785
-3344,-4668,-3344,-4668
-12241,-2339,-12241,-2339
-3831,-6925,-3831,-6925
1049,-3973,1049,-3973
1137,4296,1137,4296
5135,3760,5135,3760
1543,2194,1543,2194
947,5467,947,5467
-4556,1493,-4556,1493
-16382,455,-16382,455
3384,11679,3384,11679
23455,6517,23455,6517
6659,-8152,6659,-8152
-1470,1127,-1470,1127
2905,7306,2905,7306
-5305,-4172,-5305,-4172
-8430,-5476,-8430,-5476
-6756,-9363,-6756,-9363
-4418,-17337,-4418,-17337
-2091,-6143,-2091,-6143
-9327,318,-9327,318
-4728,-7638,-4728,-7638
3904,-6611,3904,-6611
-8022,-2781,-8022,-2781
-6058,-4323,-6058,-4323
7280,-3509,7280,-3509
1103,4091,1103,4091
-336,9893,-336,9893
655,-342,655,-342
-6869,-10020,-6869,-10020
-1496,-9319,-1496,-9319
-2691,-11271,-2691,-11271
-12774,-539,-12774,-539
-698,9186,-698,9186
10721,-4436,10721,-4436
4286,-1831,4286,-1831
-2599,7003,-2599,7003
-3896,-5101,-3896,-5101
7568,1854,7568,1854
14422,7406,14422,7406
1801,-8363,1801,-8363
1604,6091,1604,6091
5335,19689,5335,19689
-13668,2132,-13668,2132
-14199,3492,-14199,3492
12190,8085,12190,8085
9616,-3908,9616,-3908
-16388,-964,-16388,-964
-15789,3108,-15789,3108
1459,2205,1459,2205
4207,10055,4207,10055
2140,5398,2140,5398
-1928,-6544,-1928,-6544
-12758,-3427,-12758,-3427
-7739,902,-7739,902
4530,-2491,4530,-2491
356,103,356,103
1942,6228,1942,6228
6590,-3576,6590,-3576
-5009,-11053,-5009,-11053
-3392,8813,-3392,8813
11146,15948,11146,15948
7346,-3357,7346,-3357
-3315,-3818,-3315,-3818
-7879,3280,-7879,3280
-4242,-8315,-4242,-8315
6967,-14745,6967,-14745
1665,-8662,1665,-8662
-10806,-3260,-10806,-3260
199,-1422,199,-1422
7081,1300,7081,1300
-11930,6250,-11930,6250
-22009,3805,-22009,3805
-10185,2608,-10185,2608
-236,8355,-236,8355
-659,4874,-659,4874
-6387,3778,-6387,3778
-11166,5283,-11166,5283
-4914,-3896,-4914,-3896
1882,822,1882,822
-8355,4489,-8355,4489
-13233,-11489,-13233,-11489
872,-5253,872,-5253
2992,6545,2992,6545
-5903,-4670,-5903,-4670
-883,-904,-883,-904
5125,10813,5125,10813
3481,6215,3481,6215
1857,-1091,1857,-1091
-6739,-6146,-6739,-6146
-15980,1771,-15980,1771
-9679,10958,-9679,10958
3795,5150,3795,5150
6368,9027,6368,9027
-1561,3928,-1561,3928
-2070,-18503,-2070,-18503
4524,-8365,4524,-8365
-3973,10086,-3973,10086
-16997,3435,-16997,3435
-6019,262,-6019,262
8321,-5822,8321,-5822
-479,-12200,-479,-12200
-3039,-2153,-3039,-2153
9778,-2993,9778,-2993
706,-9931,706,-9931
-11486,-4491,-11486,-4491
1342,-3333,1342,-3333
-912,-5059,-912,-5059
-8769,-1331,-8769,-1331
10933,6112,10933,6112
8747,7605,8747,7605
-9477,-4671,-9477,-4671
5092,-4006,5092,-4006
5498,6322,5498,6322
-15414,-2395,-15414,-2395
-8102,-2444,-8102,-2444
-142,7733,-142,7733
-3514,-1551,-3514,-1551
5574,-6788,5574,-6788
8554,247,8554,247
1100,7189,1100,7189
-7459,15689,-7459,15689
-8910,7859,-8910,7859
8095,-1740,8095,-1740
7376,10056,7376,10056
-13106,10379,-13106,10379
-3357,-1472,-3357,-1472
9772,2348,9772,2348
683,5734,683,5734
3201,1283,3201,1283
5750,4635,5750,4635
-3408,10926,-3408,10926
-2572,6747,-2572,6747
2451,-36,2451,-36
4707,3064,4707,3064
3238,3841,3238,3841
3871,6341,3871,6341
19084,21633,19084,21633
18375,16230,18375,16230
-709,-5022,-709,-5022
7013,-3901,7013,-3901
14299,-4255,14299,-4255
-3764,-10723,-3764,-10723
-4188,-1042,-4188,-1042
2325,47,2325,47
-6117,-5023,-6117,-5023
-585,695,-585,695
5646,597,5646,597
-6082,-1187,-6082,-1187
-11018,-6077,-11018,-6077
-9950,-13089,-9950,-13089
-7012,3162,-7012,3162
-25,16670,-25,16670
-10035,4597,-10035,4597
-13707,-5425,-13707,-5425
8718,-12048,8718,-12048
843,-12583,843,-12583
-26014,-1823,-26014,-1823
-6405,-3779,-6405,-3779
12765,-5079,12765,-5079
-7251,5508,-7251,5508
-6452,-1803,-6452,-1803
15273,-13557,15273,-13557
8983,-3821,8983,-3821
-10359,8041,-10359,8041
-11629,4808,-11629,4808
-1262,-7136,-1262,-7136
-1618,-11542,-1618,-11542
-7495,-2685,-7495,-2685
1680,9511,1680,9511
5363,16767,5363,16767
-4890,10921,-4890,10921
-190,-943,-190,-943
4440,-3714,4440,-3714
-3288,-4943,-3288,-4943
1546,-5439,1546,-5439
404,-1479,404,-1479
-18325,-1074,-18325,-1074
-17538,2640,-17538,2640
150,840,150,840
4116,-15340,4116,-15340
-1402,-14452,-1402,-14452
-2031,-1324,-2031,-1324
-2052,-1703,-2052,-1703
-4607,1078,-4607,1078
-1419,3005,-1419,3005
-2894,-1148,-2894,-1148
-12260,10617,-12260,10617
-2145,15717,-2145,15717
9622,-178,9622,-178
-2963,-2998,-2963,-2998
-6101,5276,-6101,5276
-3675,5847,-3675,5847
-16645,5188,-16645,5188
-13906,2423,-13906,2423
-5101,-806,-5101,-806
-10248,1516,-10248,1516
-2938,-745,-2938,-745
7361,-9314,7361,-9314
4968,-12085,4968,-12085
1104,-8753,1104,-8753
-4765,-5086,-4765,-5086
1308,672,1308,672
12307,4480,12307,4480
1468,-655,1468,-655
-4599,-3960,-4599,-3960
2573,1965,2573,1965
-1470,6195,-1470,6195
312,4324,312,4324
8227,-3077,8227,-3077
1133,-9975,1133,-9975
-3522,-3083,-3522,-3083
4645,5699,4645,5699
7015,409,7015,409
-1843,-6981,-1843,-6981
-3260,-9943,-3260,-9943
4463,-8844,4463,-8844
930,-1998,930,-1998
3061,-1061,3061,-1061
14297,-4384,14297,-4384
-2544,597,-2544,597
-13462,4983,-13462,4983
7187,1667,7187,1667
3048,-3806,3048,-3806
-10675,-6920,-10675,-6920
414,-3142,414,-3142
-1246,-1,-1246,-1
-3258,-4685,-3258,-4685
9572,-5290,9572,-5290
2842,-380,2842,-380
-1696,-444,-1696,-444
10552,-1037,10552,-1037
5814,418,5814,418
-4080,-2388,-4080,-2388
-1343,-5248,-1343,-5248
-3108,-5000,-3108,-5000
-9194,-4124,-9194,-4124
-3494,2871,-3494,2871
10203,8502,10203,8502
9166,1069,9166,1069
-1709,1372,-1709,1372
-1453,13660,-1453,13660
-5353,7989,-5353,7989
-12332,-3770,-12332,-3770
-1691,4123,-1691,4123
2332,13491,2332,13491
-6234,11569,-6234,11569
-2323,1444,-2323,1444
588,-10243,588,-10243
-6059,-4400,-6059,-4400
-8629,7257,-8629,7257
-6771,5411,-6771,5411
3565,5512,3565,5512
12215,-322,12215,-322
270,-18680,270,-18680
-11071,-16409,-11071,-16409
-3526,-1512,-3526,-1512
3812,193,3812,193
3904,5693,3904,5693
4360,11395,4360,11395
-983,853,-983,853
-7116,-7128,-7116,-7128
804,-6111,804,-6111
5386,-7473,5386,-7473
-6212,-5879,-6212,-5879
-7793,-583,-7793,-583
4116,-1249,4116,-1249
8358,-4151,8358,-4151
4758,-228,4758,-228
1331,2511,1331,2511
7739,-5728,7739,-5728
11162,-7733,11162,-7733
-6868,8091,-6868,8091
-9005,11762,-9005,11762
5924,-9615,5924,-9615
-7128,-18773,-7128,-18773
-7522,-6593,-7522,-6593
18453,-3453,18453,-3453
11271,-3687,11271,-3687
1397,5486,1397,5486
12108,2483,12108,2483
1537,-6695,1537,-6695
-1321,-1569,-1321,-1569
10275,1271,10275,1271
-4316,-2766,-4316,-2766
-11214,-4462,-11214,-4462
3181,-8822,3181,-8822
7178,-2997,7178,-2997
6994,9695,6994,9695
-753,2894,-753,2894
-11546,-2806,-11546,-2806
-4426,8441,-4426,8441
-1681,6660,-1681,6660
-6749,-3889,-6749,-3889
-1217,993,-1217,993
-76,8068,-76,8068
-1671,3015,-1671,3015
-427,-4999,-427,-4999
-8365,-5805,-8365,-5805
-10158,-5321,-10158,-5321
-2447,-7938,-2447,-7938
-4251,370,-4251,370
-5437,11803,-5437,11803
1408,4430,1408,4430
1376,-2902,1376,-2902
-5922,3228,-5922,3228
-7658,2771,-7658,2771
-2381,-919,-2381,-919
1740,-1579,1740,-1579
4731,-9609,4731,-9609
3780,-9079,3780,-9079
-5664,3535,-5664,3535
-7918,1294,-7918,1294
-3334,-3347,-3334,-3347
-5030,7068,-5030,7068
1395,5139,1395,5139
6984,-10369,6984,-10369
-2752,-15066,-2752,-15066
2481,-13191,2481,-13191
14235,-3663,14235,-3663
3500,9883,3500,9883
-2562,1824,-2562,1824
5740,-10795,5740,-10795
10118,-1360,10118,-1360
7424,6694,7424,6694
-4771,322,-4771,322
-3876,-7279,-3876,-7279
11542,-8824,11542,-8824
1965,-1088,1965,-1088
-9180,2464,-9180,2464
354,-3697,354,-3697
-4805,-2997,-4805,-2997
-6885,493,-6885,493
7163,-321,7163,-321
4285,-2059,4285,-2059
3862,-7845,3862,-7845
11768,-5895,11768,-5895
3913,960,3913,960
1402,-5115,1402,-5115
-778,-5478,-778,-5478
-12313,72,-12313,72
-5774,-8337,-5774,-8337
-2633,-7566,-2633,-7566
-8952,6526,-8952,6526
4931,8527,4931,8527
4830,-896,4830,-896
-8264,-12634,-8264,-12634
10409,-6709,10409,-6709
22701,13454,22701,13454
7963,6779,7963,6779
3324,-6589,3324,-6589
1290,2554,1290,2554
-2877,-3948,-2877,-3948
4447,-19147,4447,-19147
7624,-10841,7624,-10841
4422,-5303,4422,-5303
2671,-5086,2671,-5086
-1576,6706,-1576,6706
-3044,9131,-3044,9131
-3322,-58,-3322,-58
-3911,-3134,-3911,-3134
1689,-898,1689,-898
2630,3859,2630,3859
-2515,7219,-2515,7219
162,6131,162,6131
4100,5067,4100,5067
2945,789,2945,789
2357,-4493,2357,-4493
-2040,2840,-2040,2840
-6311,10356,-6311,10356
4697,-1827,4697,-1827
16938,-8416,16938,-8416
9077,6047,9077,6047
-441,4237,-441,4237
22,-12526,22,-12526
-2583,-6894,-2583,-6894
3962,2869,3962,2869
12243,-1136,12243,-1136
-5848,836,-5848,836
-16383,1866,-16383,1866
-2123,-3260,-2123,-3260
-3521,2695,-3521,2695
-9635,13566,-9635,13566
1742,14793,1742,14793
10845,3773,10845,3773
14107,-8077,14107,-8077
6751,-5075,6751,-5075
-10074,-1674,-10074,-1674
-13523,-7609,-13523,-7609
-11800,-5991,-11800,-5991
-8172,-2493,-8172,-2493
3401,-3562,3401,-3562
-1263,-1241,-1263,-1241
-9816,-5770,-9816,-5770
-14,-11841,-14,-11841
4513,-2697,4513,-2697
2222,5238,2222,5238
2475,936,2475,936
751,-52,751,-52
1476,2669,1476,2669
-5021,-5154,-5021,-5154
-8693,-9886,-8693,-9886
1603,8910,1603,8910
-7636,20462,-7636,20462
-16408,4110,-16408,4110
5615,-2957,5615,-2957
9084,2731,9084,2731
-7159,3080,-7159,3080
-2488,10067,-2488,10067
8538,8097,8538,8097
12240,-3283,12240,-3283
3976,3006,3976,3006
-5483,-1004,-5483,-1004
8038,-13582,8038,-13582
8903,336,8903,336
-11150,2457,-11150,2457
-2172,-9822,-2172,-9822
13848,5119,13848,5119
6424,12774,6424,12774
-1785,1136,-1785,1136
-7686,2475,-7686,2475
-5872,2076,-5872,2076
2243,-849,2243,-849
-3569,4729,-3569,4729
-6215,3558,-6215,3558
-1978,3310,-1978,3310
-7568,1213,-7568,1213
-6812,-13133,-6812,-13133
-1127,-11691,-1127,-11691
1845,2713,1845,2713
10941,3523,10941,3523
5509,281,5509,281
-11553,-2788,-11553,-2788
-9112,-4950,-9112,-4950
-2854,3015,-2854,3015
-5954,7888,-5954,7888
-5376,5071,-5376,5071
-8247,4256,-8247,4256
-8251,-1065,-8251,-1065
7817,-10644,7817,-10644
12764,-10982,12764,-10982
2411,2034,2411,2034
13514,10725,13514,10725
23929,-4094,23929,-4094
-2243,-17767,-2243,-17767
-14905,-4939,-14905,-4939
2093,5169,2093,5169
-5542,-1789,-5542,-1789
-15686,547,-15686,547
1258,10910,1258,10910
2481,7811,2481,7811
-6502,826,-6502,826
-2393,6535,-2393,6535
-3253,4453,-3253,4453
-1460,-12580,-1460,-12580
-2718,-5203,-2718,-5203
-17067,16152,-17067,16152
-8929,3317,-8929,3317
7552,-16075,7552,-16075
-2291,-7851,-2291,-7851
-9515,3506,-9515,3506
-4449,5724,-4449,5724
-4180,-928,-4180,-928
-5227,-8454,-5227,-8454
-5884,1453,-5884,1453
1191,9612,1191,9612
10537,5307,10537,5307
4952,7351,4952,7351
-102,6775,-102,6775
583,16,583,16
-3641,-5795,-3641,-5795
-2124,-13189,-2124,-13189
-237,-8942,-237,-8942
-3897,-4372,-3897,-4372
-469,-9502,-469,-9502
1305,-229,1305,-229
-2332,1419,-2332,1419
-1119,-8712,-1119,-8712
379,6063,379,6063
-198,8061,-198,8061
-7382,-8881,-7382,-8881
-16366,3287,-16366,3287
-5287,7921,-5287,7921
6341,-7893,6341,-7893
-5578,-7351,-5578,-7351
-9775,-4777,-9775,-4777
1749,6151,1749,6151
-595,17052,-595,17052
-6820,-3374,-6820,-3374
703,-5368,703,-5368
1732,13394,1732,13394
-6662,1931,-6662,1931
-717,-4317,-717,-4317
7056,2643,7056,2643
-3255,-3737,-3255,-3737
-8567,-796,-8567,-796
-6171,412,-6171,412
-14272,-5219,-14272,-5219
-7912,475,-7912,475
13060,-7528,13060,-7528
8579,-13117,8579,-13117
-3293,3843,-3293,3843
4593,4423,4593,4423
6409,-111,6409,-111
-646,8853,-646,8853
1391,7311,1391,7311
2242,4399,2242,4399
2,4246,2,4246
3233,-716,3233,-716
5235,2417,5235,2417
2132,7932,2132,7932
-7086,11363,-7086,11363
-15897,10461,-15897,10461
-7467,1726,-7467,1726
2361,3179,2361,3179
-4963,-265,-4963,-265
-4411,-13939,-4411,-13939
274,-3934,274,-3934
-13941,1887,-13941,1887
-16254,-6805,-16254,-6805
-3102,5874,-3102,5874
-6994,3977,-6994,3977
-6966,-12118,-6966,-12118
4564,1282,4564,1282
5979,4118,5979,4118
10176,-6117,10176,-6117
4503,1504,4503,1504
-18364,-4337,-18364,-4337
-11181,-5844,-11181,-5844
11285,9806,11285,9806
4375,-1520,4375,-1520
-3747,-2856,-3747,-2856
4428,23227,4428,23227
8833,13445,8833,13445
5896,-8150,5896,-8150
429,-27,429,-27
-103,2730,-103,2730
415,-4230,415,-4230
-730,-7276,-730,-7276
9501,-11605,9501,-11605
11144,-2765,11144,-2765
-6748,9405,-6748,9405
-8357,1881,-8357,1881
2658,-4838,2658,-4838
2850,-3093,2850,-3093
2747,-8798,2747,-8798
2298,-9060,2298,-9060
5,3013,5,3013
-1768,7968,-1768,7968
-10129,1030,-10129,1030
-7009,-3900,-7009,-3900
10201,4756,10201,4756
10211,16023,10211,16023
536,9150,536,9150
5509,-4561,5509,-4561
16014,-8143,16014,-8143
16388,-7581,16388,-7581
6334,-1276,6334,-1276
-2545,6512,-2545,6512
-5701,4863,-5701,4863
-4274,3907,-4274,3907
2312,234,2312,234
-1345,-11577,-1345,-11577
-9605,-11041,-9605,-11041
4611,-326,4611,-326
16316,5489,16316,5489
2592,2660,2592,2660
-1923,-12290,-1923,-12290
8032,-14907,8032,-14907
3985,5759,3985,5759
-4750,17913,-4750,17913
880,15550,880,15550
2514,6062,2514,6062
-11782,-1636,-11782,-1636
-9461,9369,-9461,9369
10347,9266,10347,9266
8927,-7545,8927,-7545
5070,23,5070,23
11916,5966,11916,5966
-3147,-6582,-3147,-6582
-10144,-5304,-10144,-5304
7978,-5229,7978,-5229
2936,-5675,2936,-5675
-7086,4568,-7086,4568
2547,-4534,2547,-4534
636,-9011,636,-9011
0,10505,0,10505
7224,11857,7224,11857
-2748,2859,-2748,2859
-6916,4921,-6916,4921
2644,9936,2644,9936
-250,17482,-250,17482
-7676,7166,-7676,7166
-8376,-9799,-8376,-9799
-4993,27,-4993,27
767,4472,767,4472
2719,-2330,2719,-2330
4201,11349,4201,11349
6115,18210,6115,18210
4774,6276,4774,6276
3244,4769,3244,4769
-6779,9892,-6779,9892
-16041,5774,-16041,5774
-3679,-802,-3679,-802
5319,3977,5319,3977
-2921,9067,-2921,9067
-3311,2132,-3311,2132
-4876,3434,-4876,3434
-12441,4038,-12441,4038
3445,-11455,3445,-11455
20496,-9274,20496,-9274
5948,3445,5948,3445
-2336,845,-2336,845
6962,3378,6962,3378
-1068,2059,-1068,2059
-4748,-6728,-4748,-6728
7019,482,7019,482
-1558,-1630,-1558,-1630
-4172,-13822,-4172,-13822
14514,-6445,14514,-6445
7829,15,7829,15
-4404,4297,-4404,4297
4016,17718,4016,17718
2533,14459,2533,14459
1613,1396,1613,1396
4250,-1136,4250,-1136
-4275,-428,-4275,-428
3445,3395,3445,3395
8375,2181,8375,2181
-7210,-7447,-7210,-7447
-1490,-3034,-1490,-3034
5831,9942,5831,9942
-821,6828,-821,6828
9680,-2094,9680,-2094
6594,1079,6594,1079
-7440,3153,-7440,3153
6058,-3020,6058,-3020
7054,-552,7054,-552
-8263,2212,-8263,2212
-3230,-4590,-3230,-4590
3114,-2644,3114,-2644
7039,-3867,7039,-3867
8675,-10666,8675,-10666
-5811,5427,-5811,5427
-8916,11329,-8916,11329
3136,-11552,3136,-11552
3553,-15260,3553,-15260
-5441,-6280,-5441,-6280
-13609,-4457,-13609,-4457
-10502,3384,-10502,3384
-6023,-1824,-6023,-1824
-10066,-11895,-10066,-11895
1218,-1973,1218,-1973
8041,2670,8041,2670
-3622,382,-3622,382
8436,-145,8436,-145
14174,-8706,14174,-8706
-9109,-4417,-9109,-4417
-4523,4563,-4523,4563
5318,-1624,5318,-1624
-4652,5412,-4652,5412
10266,12792,10266,12792
18303,-303,18303,-303
-1646,-3151,-1646,-3151
943,-3097,943,-3097
6632,-8886,6632,-8886
-6926,-1228,-6926,-1228
-4535,-4235,-4535,-4235
4087,-18324,4087,-18324
-912,-13654,-912,-13654
-75,-5229,-75,-5229
10130,2685,10130,2685
14604,9625,14604,9625
8440,-294,8440,-294
-3077,763,-3077,763
-11417,11003,-11417,11003
-8274,-4353,-8274,-4353
1336,-11206,1336,-11206
-3423,1411,-3423,1411
-15774,-5432,-15774,-5432
-12999,-13041,-12999,-13041
-8917,-5040,-8917,-5040
-8552,590,-8552,590
1308,8166,1308,8166
2276,11281,2276,11281
-5987,4282,-5987,4282
-1061,-33,-1061,-33
3179,-4930,3179,-4930
-153,-5349,-153,-5349
2613,-2058,2613,-2058
4026,-3413,4026,-3413
4495,8658,4495,8658
10254,10108,10254,10108
4418,-18348,4418,-18348
-9973,-18051,-9973,-18051
-7057,3126,-7057,3126
4679,-3442,4679,-3442
2855,-3001,2855,-3001
-1471,9738,-1471,9738
-621,9246,-621,9246
-8186,12183,-8186,12183
-12024,10233,-12024,10233
492,4264,492,4264
3362,9819,3362,9819
-7485,4488,-7485,4488
-4801,1172,-4801,1172
2753,10753,2753,10753
-3813,2752,-3813,2752
-4963,-5186,-4963,-5186
6820,-2597,6820,-2597
6456,-5180,6456,-5180
-3329,4276,-3329,4276
-5436,10772,-5436,10772
-8804,4552,-8804,4552
-5007,10998,-5007,10998
10076,7239,10076,7239
2591,-7507,2591,-7507
-10956,-4948,-10956,-4948
2062,-2941,2062,-2941
5302,1510,5302,1510
-4524,4351,-4524,4351
-40,-13971,-40,-13971
-3847,-10793,-3847,-10793
-6380,4738,-6380,4738
10195,-11395,10195,-11395
12773,-8111,12773,-8111
8483,16381,8483,16381
9243,1370,9243,1370
-4449,-16394,-4449,-16394
-4747,1953,-4747,1953
11646,16652,11646,16652
6708,7335,6708,7335
1746,-5856,1746,-5856
7791,-8168,7791,-8168
-361,-1814,-361,-1814
-3374,8430,-3374,8430
5970,12365,5970,12365
1371,2150,1371,2150
-4764,-2517,-4764,-2517
2943,-571,2943,-571
1890,-6738,1890,-6738
-9295,984,-9295,984
-2039,9821,-2039,9821
12209,-9345,12209,-9345
2787,-15745,2787,-15745
-7574,529,-7574,529
2774,4687,2774,4687
4781,6457,4781,6457
-10469,6513,-10469,6513
-15551,-182,-15551,-182
-3642,6533,-3642,6533
2797,9551,2797,9551
-3509,-4168,-3509,-4168
1446,-3776,1446,-3776
14645,12497,14645,12497
11732,15751,11732,15751
6813,2600,6813,2600
6988,-4646,6988,-4646
3878,273,3878,273
8893,4835,8893,4835
7509,7758,7509,7758
-3399,3545,-3399,3545
3864,-2383,3864,-2383
5912,10876,5912,10876
-6657,14812,-6657,14812
-1206,-4164,-1206,-4164
3699,-1655,3699,-1655
-2662,8338,-2662,8338
2601,-3993,2601,-3993
6815,-9593,6815,-9593
1562,-4428,1562,-4428
-2895,1589,-2895,1589
746,12042,746,12042
13445,10456,13445,10456
10911,-590,10911,-590
954,-7920,954,-7920
7079,-8855,7079,-8855
-1890,4915,-1890,4915
-17360,9509,-17360,9509
-1812,-3514,-1812,-3514
13128,3583,13128,3583
9141,13449,9141,13449
-647,-373,-647,-373
-11985,-1694,-11985,-1694
-6511,8398,-6511,8398
-742,-1115,-742,-1115
-10512,-5543,-10512,-5543
-4871,9509,-4871,9509
1803,9107,1803,9107
-5752,-1323,-5752,-1323
-824,7337,-824,7337
2765,3014,2765,3014
-468,-17192,-468,-17192
3317,-2806,3317,-2806
-2445,10243,-2445,10243
-4531,-8768,-4531,-8768
5639,-644,5639,-644
3698,16746,3698,16746
3248,1788,3248,1788
6558,-1849,6558,-1849
-3807,4116,-3807,4116
-8340,-4863,-8340,-4863
-1185,-6774,-1185,-6774
9862,-3790,9862,-3790
18328,754,18328,754
4545,2537,4545,2537
-5403,-10756,-5403,-10756
11385,-6468,11385,-6468
12024,9111,12024,9111
-3544,-2227,-3544,-2227
297,-9072,297,-9072
4010,-1641,4010,-1641
-1861,-5612,-1861,-5612
4863,-6123,4863,-6123
11723,-1419,11723,-1419
3562,-1375,3562,-1375
-1609,-2989,-1609,-2989
1275,-6327,1275,-6327
1700,-3474,1700,-3474
5589,-12367,5589,-12367
9273,-31427,9273,-31427
1440,-14153,1440,-14153
-5335,5088,-5335,5088
-8054,-9877,-8054,-9877
-11168,-4332,-11168,-4332
-3980,10631,-3980,10631
1517,-419,1517,-419
-2246,1268,-2246,1268
97,7593,97,7593
-200,-3882,-200,-3882
-1764,-2208,-1764,-2208
3214,8939,3214,8939
-3083,13903,-3083,13903
-4098,13682,-4098,13682
11168,-1640,11168,-1640
13056,-6214,13056,-6214
7361,12588,7361,12588
-2838,9912,-2838,9912
-17962,-3335,-17962,-3335
-2793,13492,-2793,13492
12003,21834,12003,21834
-7475,-880,-7475,-880
-5463,-6439,-5463,-6439
10946,7347,10946,7347
-7099,2389,-7099,2389
-19289,-8517,-19289,-8517
224,-2252,224,-2252
14137,7118,14137,7118
5049,6640,5049,6640
-9045,4684,-9045,4684
-6211,8637,-6211,8637
4313,4468,4313,4468
8556,-10947,8556,-10947
13266,-9988,13266,-9988
8458,1469,8458,1469
-4115,-1306,-4115,-1306
-4217,170,-4217,170
-3269,5798,-3269,5798
-5486,-1175,-5486,-1175
1873,5201,1873,5201
10320,18956,10320,18956
9241,8140,9241,8140
-5339,-1063,-5339,-1063
-16939,7094,-16939,7094
-7030,6710,-7030,6710
617,1490,617,1490
-165,3599,-165,3599
4721,2181,4721,2181
1105,-211,1105,-211
4002,5096,4002,5096
18964,2556,18964,2556
7760,-9197,7760,-9197
-6830,-4327,-6830,-4327
3281,5718,3281,5718
7327,157,7327,157
8397,3612,8397,3612
13454,13733,13454,13733
5495,7803,5495,7803
2787,5645,2787,5645
6595,7712,6595,7712
-3921,189,-3921,189
-13475,-798,-13475,-798
-11600,2414,-11600,2414
-6108,4508,-6108,4508
-568,5991,-568,5991
-822,-6850,-822,-6850
-2307,-11226,-2307,-11226
-919,3992,-919,3992
-1236,3142,-1236,3142
2308,-4169,2308,-4169
6705,-704,6705,-704
270,-4503,270,-4503
-9098,-3317,-9098,-3317
-7065,6436,-7065,6436
1593,853,1593,853
1110,-8699,1110,-8699
-4573,-2738,-4573,-2738
-5125,7681,-5125,7681
-8640,5620,-8640,5620
-8269,-665,-8269,-665
-116,771,-116,771
-6138,-5523,-6138,-5523
-9227,-8686,-9227,-8686
7647,7482,7647,7482
7801,4473,7801,4473
-5320,-8902,-5320,-8902
-2739,6026,-2739,6026
-1336,10515,-1336,10515
-2377,-1537,-2377,-1537
1215,4162,1215,4162
-5723,2011,-5723,2011
-8140,-6836,-8140,-6836
853,940,853,940
-2003,-1368,-2003,-1368
-6167,-9833,-6167,-9833
-634,-1132,-634,-1132
-1252,5335,-1252,5335
-4231,3271,-4231,3271
-1513,7250,-1513,7250
2239,9174,2239,9174
4497,-4061,4497,-4061
-3,-14137,-3,-14137
-3490,-3954,-3490,-3954
6258,-378,6258,-378
13173,-6210,13173,-6210
6798,6317,6798,6317
2498,10590,2498,10590
6251,-5948,6251,-5948
12361,-6405,12361,-6405
11137,1106,11137,1106
-2817,1578,-2817,1578
-8591,6475,-8591,6475
4250,6341,4250,6341
10958,3492,10958,3492
6249,1539,6249,1539
809,-9728,809,-9728
-10766,-5747,-10766,-5747
-15781,15301,-15781,15301
-4282,14179,-4282,14179
225,-115,225,-115
-1451,-3936,-1451,-3936
5730,-8012,5730,-8012
6266,-7740,6266,-7740
-808,5044,-808,5044
-3155,8701,-3155,8701
-7509,-554,-7509,-554
-7915,1741,-7915,1741
1089,9885,1089,9885
2125,3552,2125,3552
-5678,-4656,-5678,-4656
-6954,-4779,-6954,-4779
-126,-3544,-126,-3544
-457,-2224,-457,-2224
-12760,-5224,-12760,-5224
-6502,-3983,-6502,-3983
16637,3747,16637,3747
6826,-432,6826,-432
-16095,3912,-16095,3912
-7495,18219,-7495,18219
-3921,620,-3921,620
-14272,-15601,-14272,-15601
-3205,-3694,-3205,-3694
3293,-7649,3293,-7649
-6925,-9024,-6925,-9024
-4079,5631,-4079,5631
-1216,-3480,-1216,-3480
-4168,-7067,-4168,-7067
2107,10403,2107,10403
-1531,8865,-1531,8865
-10726,-807,-10726,-807
-1711,-7136,-1711,-7136
5462,-10052,5462,-10052
1787,5376,1787,5376
5635,9295,5635,9295
9799,-3818,9799,-3818
4046,2168,4046,2168
-598,7066,-598,7066
3561,-2524,3561,-2524
7205,-2756,7205,-2756
356,754,356,754
-4218,4945,-4218,4945
909,11902,909,11902
-1752,9690,-1752,9690
-5078,5011,-5078,5011
7507,2303,7507,2303
11591,-2735,11591,-2735
-1065,-2530,-1065,-2530
-873,1532,-873,1532
7627,4335,7627,4335
3988,4929,3988,4929
-402,990,-402,990
-4442,-559,-4442,-559
-12734,1140,-12734,1140
-4764,1450,-4764,1450
8358,4436,8358,4436
1497,6177,1497,6177
1134,3412,1134,3412
10113,-739,10113,-739
-2511,-4292,-2511,-4292
-13872,2899,-13872,2899
-10783,10723,-10783,10723
-13872,-1212,-13872,-1212
-4839,-11897,-4839,-11897
9097,-4363,9097,-4363
-3380,2308,-3380,2308
-12405,-2035,-12405,-2035
-2467,-10379,-2467,-10379
2853,-6240,2853,-6240
1498,7742,1498,7742
-8476,2856,-8476,2856
-11964,-6676,-11964,-6676
3492,3008,3492,3008
3976,5456,3976,5456
-4553,1434,-4553,1434
2872,7707,2872,7707
1469,1685,1469,1685
-4757,-6999,-4757,-6999
-4260,100,-4260,100
-11263,-1950,-11263,-1950
-7765,-7725,-7765,-7725
-573,-1287,-573,-1287
-7253,1593,-7253,1593
104,5717,104,5717
4866,11520,4866,11520
-7972,7321,-7972,7321
351,6437,351,6437
10938,800,10938,800
1015,-10603,1015,-10603
-3940,3559,-3940,3559
-9162,11587,-9162,11587
-8677,-16114,-8677,-16114
3620,-23929,3620,-23929
-2109,-3976,-2109,-3976
-6003,-680,-6003,-680
3712,-1067,3712,-1067
-8505,6517,-8505,6517
-19463,3367,-19463,3367
-9504,-2090,-9504,-2090
-7225,-294,-7225,-294
-2408,-311,-2408,-311
9688,-2530,9688,-2530
6861,-673,6861,-673
180,4452,180,4452
-1056,3575,-1056,3575
-1230,-3027,-1230,-3027
4364,-3422,4364,-3422
7527,-1263,7527,-1263
3906,-4644,3906,-4644
1741,-5601,1741,-5601
-2720,-1507,-2720,-1507
-3981,421,-3981,421
8145,353,8145,353
9349,-210,9349,-210
-10907,-5554,-10907,-5554
-12213,-11902,-12213,-11902
5419,-8465,5419,-8465
-1369,1567,-1369,1567
-11491,7220,-11491,7220
-664,3008,-664,3008
-2349,-8493,-2349,-8493
-5833,-6847,-5833,-6847
8432,9983,8432,9983
6227,10868,6227,10868
-2609,1216,-2609,1216
9415,2853,9415,2853
16885,-1514,16885,-1514
7757,-11179,7757,-11179
-7185,-10110,-7185,-10110
-14300,-7346,-14300,-7346
-2828,513,-2828,513
3637,13039,3637,13039
-948,15028,-948,15028
2260,12184,2260,12184
-362,5132,-362,5132
-4800,-2317,-4800,-2317
1614,5698,1614,5698
-3717,11293,-3717,11293
-10533,2428,-10533,2428
-593,-3760,-593,-3760
2812,-4334,2812,-4334
-1340,-1444,-1340,-1444
665,-1382,665,-1382
933,-1192,933,-1192
-3493,11383,-3493,11383
-2308,7667,-2308,7667
13010,-9453,13010,-9453
21429,3447,21429,3447
4693,10013,4693,10013
-6420,-9223,-6420,-9223
1055,-4249,1055,-4249
8043,4820,8043,4820
9290,-7448,9290,-7448
-2283,-10941,-2283,-10941
-8073,-8213,-8073,-8213
4468,-1615,4468,-1615
-4400,6081,-4400,6081
-15966,-4948,-15966,-4948
3209,-4035,3209,-4035
3645,12104,3645,12104
-9310,-769,-9310,-769
2958,-16958,2958,-16958
6352,-7071,6352,-7071
1826,3263,1826,3263
7525,5674,7525,5674
1446,2146,1446,2146
-282,-1951,-282,-1951
7695,2613,7695,2613
4427,2410,4427,2410
5006,628,5006,628
1729,9225,1729,9225
-11328,11693,-11328,11693
-5415,3679,-5415,3679
1717,-6305,1717,-6305
-4145,-11403,-4145,-11403
69,895,69,895
2893,13576,2893,13576
128,6672,128,6672
6864,148,6864,148
9334,1830,9334,1830
6712,2442,6712,2442
7885,6788,7885,6788
-1798,5709,-1798,5709
-16869,-4520,-16869,-4520
-11282,-4042,-11282,-4042
4459,-5983,4459,-5983
-2967,-21600,-2967,-21600
-18692,-10337,-18692,-10337
-8133,17671,-8133,17671
5495,8143,5495,8143
1433,-4827,1433,-4827
3335,11815,3335,11815
9566,7750,9566,7750
7636,-10193,7636,-10193
4761,-918,4761,-918
4319,4322,4319,4322
8027,-2623,8027,-2623
859,3796,859,3796
-12368,7204,-12368,7204
6649,4740,6649,4740
23006,7560,23006,7560
-3952,4080,-3952,4080
-17084,2104,-17084,2104
756,7396,756,7396
8440,4450,8440,4450
5866,896,5866,896
-1637,6276,-1637,6276
-3276,8367,-3276,8367
7570,1195,7570,1195
4773,-8840,4773,-8840
-739,-11372,-739,-11372
6162,-5973,6162,-5973
3770,-2555,3770,-2555
-1262,1351,-1262,1351
-5287,7877,-5287,7877
-11348,7286,-11348,7286
-4388,4277,-4388,4277
-3560,6284,-3560,6284
-7677,3145,-7677,3145
2734,-1627,2734,-1627
-1374,3685,-1374,3685
-5331,3458,-5331,3458
9276,-5836,9276,-5836
1976,560,1976,560
-1290,13906,-1290,13906
15010,8847,15010,8847
1848,-1931,1848,-1931
-10494,1142,-10494,1142
-280,11339,-280,11339
278,6907,278,6907
9125,-8898,9125,-8898
12942,-3027,12942,-3027
-5119,9155,-5119,9155
319,-3576,319,-3576
11733,-5294,11733,-5294
549,7468,549,7468
-2815,-2332,-2815,-2332
-1379,-5124,-1379,-5124
-452,8242,-452,8242
4791,5587,4791,5587
2119,8138,2119,8138
4318,15236,4318,15236
362,187,362,187
-18090,-7023,-18090,-7023
-8745,1628,-8745,1628
7194,-1607,7194,-1607
-2491,-6876,-2491,-6876
275,-4515,275,-4515
9101,-4164,9101,-4164
3443,-4893,3443,-4893
3629,-3473,3629,-3473
1951,-1776,1951,-1776
-2959,-3444,-2959,-3444
1665,-6430,1665,-6430
7927,-4380,7927,-4380
16065,3474,16065,3474
14202,9331,14202,9331
1924,1861,1924,1861
3103,-3115,3103,-3115
-1415,8750,-1415,8750
-10943,7963,-10943,7963
2338,2053,2338,2053
7447,16385,7447,16385
1704,12321,1704,12321
9265,-2592,9265,-2592
1983,9456,1983,9456
-7554,7753,-7554,7753
2069,-8179,2069,-8179
-3715,-5382,-3715,-5382
-9585,-7335,-9585,-7335
3405,1767,3405,1767
3569,21996,3569,21996
954,1881,954,1881
2043,-15201,2043,-15201
-5490,3626,-5490,3626
6053,-1296,6053,-1296
18546,-18732,18546,-18732
-964,-9187,-964,-9187
-8760,408,-8760,408
2986,-1110,2986,-1110
-120,-608,-120,-608
-4347,3099,-4347,3099
-8476,3211,-8476,3211
-15684,-5710,-15684,-5710
-605,-6441,-605,-6441
12842,4573,12842,4573
534,4647,534,4647
-5552,-1203,-5552,-1203
-4740,81,-4740,81
-10730,2602,-10730,2602
-5516,1679,-5516,1679
5521,-3004,5521,-3004
7646,315,7646,315
4381,10891,4381,10891
-1600,2430,-1600,2430
1768,-15998,1768,-15998
10672,-13510,10672,-13510
3258,-2324,3258,-2324
-10608,-4744,-10608,-4744
-15882,-11185,-15882,-11185
-12412,-8691,-12412,-8691
396,-3335,396,-3335
7935,104,7935,104
6407,3148,6407,3148
4433,-27,4433,-27
-4622,-791,-4622,-791
-9065,11347,-9065,11347
-2812,10240,-2812,10240
-3577,-10899,-3577,-10899
-1661,-14634,-1661,-14634
-452,2181,-452,2181
-14763,6920,-14763,6920
-12466,-2953,-12466,-2953
10354,-6093,10354,-6093
17800,-5301,17800,-5301
9746,-9546,9746,-9546
2525,280,2525,280
7580,12388,7580,12388
12284,-4064,12284,-4064
-3661,-12696,-3661,-12696
-9919,-854,-9919,-854
207,-9262,207,-9262
-3001,-9327,-3001,-9327
-2342,12035,-2342,12035
-1015,5907,-1015,5907
-10987,-5235,-10987,-5235
-475,3352,-475,3352
5996,1968,5996,1968
-9959,1241,-9959,1241
-2192,2891,-2192,2891
10759,-9842,10759,-9842
4097,-8973,4097,-8973
5597,4323,5597,4323
7331,144,7331,144
9261,-9388,9261,-9388
16367,-5654,16367,-5654
4055,7504,4055,7504
-4057,11222,-4057,11222
5214,494,5214,494
157,-2342,157,-2342
-1376,-2560,-1376,-2560
11700,-12702,11700,-12702
9943,-12485,9943,-12485
1118,-5783,1118,-5783
5331,-4504,5331,-4504
14134,5115,14134,5115
9620,10690,9620,10690
-1350,-1099,-1350,-1099
4331,-6331,4331,-6331
8703,189,8703,189
1936,1615,1936,1615
8861,4368,8861,4368
4708,9157,4708,9157
-18068,-3224,-18068,-3224
-12652,-13977,-12652,-13977
3168,-1921,3168,-1921
-20,-897,-20,-897
824,-8087,824,-8087
1085,5125,1085,5125
-4759,3458,-4759,3458
-1248,-7162,-1248,-7162
-2863,8336,-2863,8336
-12569,5034,-12569,5034
-10567,-12570,-10567,-12570
-459,-1436,-459,-1436
8861,-2116,8861,-2116
14100,-14321,14100,-14321
7914,-5423,7914,-5423
-2234,-2858,-2234,-2858
-1685,-960,-1685,-960
2526,3482,2526,3482
-191,-9094,-191,-9094
-2671,-2544,-2671,-2544
-2906,11598,-2906,11598
-57,-3843,-57,-3843
7939,-8330,7939,-8330
2231,-2384,2231,-2384
-8127,-9465,-8127,-9465
2477,-1641,2477,-1641
3766,4011,3766,4011
-8207,-7036,-8207,-7036
767,-1830,767,-1830
4575,7521,4575,7521
-4556,2667,-4556,2667
-3101,-2683,-3101,-2683
-10794,-4186,-10794,-4186
-9251,-442,-9251,-442
14713,2678,14713,2678
6660,1947,6660,1947
-16744,3813,-16744,3813
-10544,4930,-10544,4930
-510,10412,-510,10412
5095,13308,5095,13308
7515,4745,7515,4745
-2126,9802,-2126,9802
-4601,12490,-4601,12490
-1928,-6213,-1928,-6213
-768,-4372,-768,-4372
2143,2186,2143,2186
-9500,-11254,-9500,-11254
-11909,-1255,-11909,-1255
6064,10444,6064,10444
2009,-2997,2009,-2997
-2490,-855,-2490,-855
10300,-2402,10300,-2402
-277,-19550,-277,-19550
-9075,-8964,-9075,-8964
563,4738,563,4738
-7537,-1748,-7537,-1748
-7897,1415,-7897,1415
4900,7431,4900,7431
-8154,5234,-8154,5234
-18081,6549,-18081,6549
-7674,7004,-7674,7004
-4338,-1010,-4338,-1010
-943,-14239,-943,-14239
-132,-15625,-132,-15625
-4870,-2730,-4870,-2730
8166,2983,8166,2983
13279,6063,13279,6063
-6360,9205,-6360,9205
-7026,1753,-7026,1753
5677,6232,5677,6232
-308,19337,-308,19337
-4346,14778,-4346,14778
2376,9436,2376,9436
5246,3921,5246,3921
7310,-8555,7310,-8555
8572,-3915,8572,-3915
5015,3918,5015,3918
-2021,-714,-2021,-714
-6383,1281,-6383,1281
-3271,1860,-3271,1860
-4226,-1950,-4226,-1950
-2833,-2493,-2833,-2493
8096,-12008,8096,-12008
-3633,-9905,-3633,-9905
-20220,12642,-20220,12642
-2616,14805,-2616,14805
4451,413,4451,413
-8295,-1803,-8295,-1803
1354,-1498,1354,-1498
9755,-4364,9755,-4364
9080,-2929,9080,-2929
17007,3194,17007,3194
10723,4097,10723,4097
2867,-6170,2867,-6170
8690,-4852,8690,-4852
5485,6927,5485,6927
4535,-1162,4535,-1162
8145,-6819,8145,-6819
1578,6197,1578,6197
-2982,3325,-2982,3325
-7382,-6044,-7382,-6044
-4802,-639,-4802,-639
9813,-149,9813,-149
10466,944,10466,944
9374,5575,9374,5575
10751,-6495,10751,-6495
-4243,-10334,-4243,-10334
-5211,7695,-5211,7695
1509,9273,1509,9273
-5490,-4060,-5490,-4060
3198,-3424,3198,-3424
1625,3905,1625,3905
-15383,8123,-15383,8123
462,7710,462,7710
2549,515,2549,515
-20292,-4132,-20292,-4132
-3917,-9706,-3917,-9706
9391,-16266,9391,-16266
-9971,-1182,-9971,-1182
-7446,13535,-7446,13535
7668,-5763,7668,-5763
7130,-18772,7130,-18772
412,-3734,412,-3734
-8925,466,-8925,466
-9179,-2462,-9179,-2462
2999,2383,2999,2383
9867,-5454,9867,-5454
5452,-10576,5452,-10576
96,2366,96,2366
367,3335,367,3335
-4339,-2962,-4339,-2962
-4702,5206,-4702,5206
10308,5209,10308,5209
2906,-6334,2906,-6334
-19187,-2530,-19187,-2530
-7952,7766,-7952,7766
6009,3025,6009,3025
970,-7469,970,-7469
6394,-4221,6394,-4221
10699,10529,10699,10529
6616,10795,6616,10795
8273,-5119,8273,-5119
4311,-3871,4311,-3871
-3929,7010,-3929,7010
-2121,-6308,-2121,-6308
6102,-21506,6102,-21506
6066,-14002,6066,-14002
-4814,-5392,-4814,-5392
-6177,-3219,-6177,-3219
-385,-4998,-385,-4998
-95,-12075,-95,-12075
4957,-6664,4957,-6664
1880,2506,1880,2506
-3526,-6263,-3526,-6263
12749,-9109,12749,-9109
11435,1717,11435,1717
-7229,1460,-7229,1460
2339,-3081,2339,-3081
6319,-897,6319,-897
-9568,-580,-9568,-580
-9745,-811,-9745,-811
-2350,1739,-2350,1739
5950,108,5950,108
9310,-10974,9310,-10974
-1750,-16639,-1750,-16639
-6192,-3789,-6192,-3789
-9195,3049,-9195,3049
-8497,-3522,-8497,-3522
12614,3242,12614,3242
12276,10595,12276,10595
-6476,-2625,-6476,-2625
1433,-15929,1433,-15929
5783,-10766,5783,-10766
-853,6317,-853,6317
8433,9482,8433,9482
7666,-1415,7666,-1415
-2736,5718,-2736,5718
4441,10298,4441,10298
11097,-5626,11097,-5626
4182,-1873,4182,-1873
2796,5195,2796,5195
7319,-6473,7319,-6473
-4777,1335,-4777,1335
-14856,7935,-14856,7935
3399,-5283,3399,-5283
6977,1893,6977,1893
-8941,6514,-8941,6514
3595,-9694,3595,-9694
11168,-8909,11168,-8909
-4940,-3255,-4940,-3255
-957,-4371,-957,-4371
5331,5134,5331,5134
-2795,9223,-2795,9223
-5823,1052,-5823,1052
-9547,-10751,-9547,-10751
-5662,-15523,-5662,-15523
-52,2088,-52,2088
-10502,7652,-10502,7652
-7485,-13410,-7485,-13410
3857,-9448,3857,-9448
-3976,7554,-3976,7554
-7207,428,-7207,428
-2455,-784,-2455,-784
-5513,4734,-5513,4734
-7996,-5331,-7996,-5331
-6006,-8293,-6006,-8293
-1684,363,-1684,363
-3276,2900,-3276,2900
-6038,1509,-6038,1509
-4275,-89,-4275,-89
-21262,3342,-21262,3342
-30183,8503,-30183,8503
-2597,3472,-2597,3472
4748,4311,4748,4311
-5935,14454,-5935,14454
7557,7205,7557,7205
7887,-3640,7887,-3640
-2666,1006,-2666,1006
5693,-645,5693,-645
3489,-3187,3489,-3187
-4311,4310,-4311,4310
1659,-907,1659,-907
8244,-7819,8244,-7819
15848,-2472,15848,-2472
8392,-5507,8392,-5507
-12639,-8896,-12639,-8896
-6084,-9125,-6084,-9125
10871,-12504,10871,-12504
7682,5998,7682,5998
7792,14999,7792,14999
14635,-15171,14635,-15171
9998,-14435,9998,-14435
29,13380,29,13380
-2512,-865,-2512,-865
3059,-11525,3059,-11525
5350,14142,5350,14142
354,17062,354,17062
-2228,-7144,-2228,-7144
266,-15474,266,-15474
4971,-2288,4971,-2288
10019,6107,10019,6107
9061,-2544,9061,-2544
-3592,-5064,-3592,-5064
-16677,-1995,-16677,-1995
-11523,-8933,-11523,-8933
-235,-4320,-235,-4320
677,6140,677,6140
4166,1083,4166,1083
5900,1775,5900,1775
481,4468,481,4468
7064,-10194,7064,-10194
9901,-18803,9901,-18803
-461,-6346,-461,-6346
6329,9184,6329,9184
15305,9136,15305,9136
5173,202,5173,202
1402,-964,1402,-964
2815,-3073,2815,-3073
-1786,-4507,-1786,-4507
1059,-237,1059,-237
485,-11346,485,-11346
-10815,-15515,-10815,-15515
-8920,4682,-8920,4682
2835,4280,2835,4280
1113,-8055,1113,-8055
-4166,-5336,-4166,-5336
1555,-13301,1555,-13301
5416,-17077,5416,-17077
3392,-5167,3392,-5167
3800,-7689,3800,-7689
2679,-6904,2679,-6904
2928,8037,2928,8037
7366,11600,7366,11600
7423,7221,7423,7221
7059,527,7059,527
2725,-1685,2725,-1685
-8844,7072,-8844,7072
-4864,4978,-4864,4978
6061,-2457,6061,-2457
7,921,7,921
-5151,-2135,-5151,-2135
-3708,-4630,-3708,-4630
-3384,5919,-3384,5919
5236,8468,5236,8468
7807,175,7807,175
-4350,-775,-4350,-775
-6792,5147,-6792,5147
3736,3772,3736,3772
10304,618,10304,618
7445,7113,7445,7113
2147,4947,2147,4947
194,56,194,56
-2802,12651,-2802,12651
-1390,6032,-1390,6032
3383,-14751,3383,-14751
-2970,-1474,-2970,-1474
-2581,8500,-2581,8500
10184,-4610,10184,-4610
6331,-882,6331,-882
-742,1492,-742,1492
5040,-3111,5040,-3111
2294,8392,2294,8392
-2091,7218,-2091,7218
1390,-2698,1390,-2698
-2345,6653,-2345,6653
-5038,8347,-5038,8347
2020,-1491,2020,-1491
5489,7,5489,7
5119,1417,5119,1417
8033,-4381,8033,-4381
3753,-6062,3753,-6062
-10075,1356,-10075,1356
-9571,8133,-9571,8133
339,1519,339,1519
-7689,-7200,-7689,-7200
-9493,-8370,-9493,-8370
7238,-9252,7238,-9252
3324,-5479,3324,-5479
-11835,-2826,-11835,-2826
-9432,-10042,-9432,-10042
-2468,-7114,-2468,-7114
5903,4728,5903,4728
9292,984,9292,984
86,-9652,86,-9652
-1872,-10305,-1872,-10305
-3740,-3192,-3740,-3192
-8939,7847,-8939,7847
8414,11804,8414,11804
22386,2023,22386,2023
8278,-3613,8278,-3613
-1634,1959,-1634,1959
-4269,2154,-4269,2154
-11877,-1815,-11877,-1815
-5563,-1208,-5563,-1208
8310,-2474,8310,-2474
7158,640,7158,640
2892,8608,2892,8608
7190,1970,7190,1970
6619,-7342,6619,-7342
93,284,93,284
-897,8983,-897,8983
-1260,6586,-1260,6586
-3303,194,-3303,194
-229,5001,-229,5001
1859,15455,1859,15455
-1847,-1051,-1847,-1051
-5947,-17694,-5947,-17694
-14,3282,-14,3282
16767,9130,16767,9130
15749,-5302,15749,-5302
-3197,11148,-3197,11148
-4558,17696,-4558,17696
-2752,-346,-2752,-346
-9546,5400,-9546,5400
706,8633,706,8633
5692,-1261,5692,-1261
-5617,6369,-5617,6369
76,3105,76,3105
9548,-8998,9548,-8998
7208,2431,7208,2431
2441,9657,2441,9657
-9456,2724,-9456,2724
-7847,-626,-7847,-626
7683,-6632,7683,-6632
80,-9244,80,-9244
-8083,-5400,-8083,-5400
4303,-4409,4303,-4409
3690,-2067,3690,-2067
-6346,-2838,-6346,-2838
-4060,-4518,-4060,-4518
2572,1335,2572,1335
8009,-1285,8009,-1285
9954,-7449,9954,-7449
8785,-212,8785,-212
4802,-250,4802,-250
-5153,-10217,-5153,-10217
-7014,-5059,-7014,-5059
669,3508,669,3508
969,-3513,969,-3513
462,-9157,462,-9157
2504,-3590,2504,-3590
357,999,357,999
3797,6496,3797,6496
7384,10256,7384,10256
1271,-1929,1271,-1929
889,-9614,889,-9614
5331,-1873,5331,-1873
-624,-5449,-624,-5449
-6285,-6090,-6285,-6090
1297,9024,1297,9024
12580,7940,12580,7940
13229,5325,13229,5325
922,14919,922,14919
-10155,4075,-10155,4075
-4686,-6061,-4686,-6061
6188,6798,6188,6798
624,11188,624,11188
-9844,5231,-9844,5231
-2565,-2012,-2565,-2012
8100,-3710,8100,-3710
4283,11328,4283,11328
-400,9147,-400,9147
1806,-8766,1806,-8766
2830,-1588,2830,-1588
4276,1230,4276,1230
4614,-7819,4614,-7819
-1634,2726,-1634,2726
-2586,6640,-2586,6640
4204,4495,4204,4495
1792,13129,1792,13129
-3556,6575,-3556,6575
1607,1726,1607,1726
5358,5144,5358,5144
5154,-7930,5154,-7930
9053,-6074,9053,-6074
9562,4180,9562,4180
2321,-8490,2321,-8490
-7931,-5555,-7931,-5555
-6904,6018,-6904,6018
11331,-808,11331,-808
9456,7206,9456,7206
-18311,15669,-18311,15669
-17469,5241,-17469,5241
2603,5204,2603,5204
-593,3115,-593,3115
72,-2989,72,-2989
13430,9339,13430,9339
9240,14427,9240,14427
1953,7297,1953,7297
3834,6146,3834,6146
-2059,-1266,-2059,-1266
-7520,-7922,-7520,-7922
-1073,-3957,-1073,-3957
4769,-2212,4769,-2212
1927,539,1927,539
-3598,2063,-3598,2063
-5180,-4373,-5180,-4373
-4972,-4760,-4972,-4760
-6437,307,-6437,307
-4226,1558,-4226,1558
1849,4036,1849,4036
831,628,831,628
-5406,-10147,-5406,-10147
-2912,-2387,-2912,-2387
580,17332,580,17332
-7480,11218,-7480,11218
-7821,-3062,-7821,-3062
7243,3935,7243,3935
10617,4231,10617,4231
-1264,-766,-1264,-766
-6327,10043,-6327,10043
-416,2309,-416,2309
5950,-15840,5950,-15840
5300,-5014,5300,-5014
886,-35,886,-35
-4338,-13602,-4338,-13602
-12235,-10439,-12235,-10439
-11759,3365,-11759,3365
-2077,14406,-2077,14406
898,13352,898,13352
3744,-3700,3744,-3700
11953,-9322,11953,-9322
12586,-6485,12586,-6485
7809,-7826,7809,-7826
2935,1788,2935,1788
417,3283,417,3283
7132,-6291,7132,-6291
11793,1994,11793,1994
3735,7505,3735,7505
-4935,171,-4935,171
-3784,791,-3784,791
71,1417,71,1417
-2776,-73,-2776,-73
2083,-810,2083,-810
14072,-2998,14072,-2998
-125,-1662,-125,-1662
-16646,-11615,-16646,-11615
-641,-20282,-641,-20282
4219,-720,4219,-720
-7301,10019,-7301,10019
-944,-4007,-944,-4007
-3096,-9030,-3096,-9030
-12486,-729,-12486,-729
-5199,10759,-5199,10759
-3970,7309,-3970,7309
-646,-5574,-646,-5574
9155,7697,9155,7697
-1226,14021,-1226,14021
-1941,-7759,-1941,-7759
11204,-3759,11204,-3759
-3854,10670,-3854,10670
-17051,1982,-17051,1982
-4052,-2011,-4052,-2011
2232,-5415,2232,-5415
1002,-8793,1002,-8793
633,991,633,991
-2313,-1868,-2313,-1868
-598,-8492,-598,-8492
-968,-3478,-968,-3478
-480,-6357,-480,-6357
11569,-3181,11569,-3181
14291,5481,14291,5481
957,845,957,845
-8051,4624,-8051,4624
-5935,8264,-5935,8264
4731,-5439,4731,-5439
10544,-7835,10544,-7835
2051,-2913,2051,-2913
-4105,-8013,-4105,-8013
-2288,-8095,-2288,-8095
-613,-7874,-613,-7874
3618,-9591,3618,-9591
5871,5459,5871,5459
3796,18483,3796,18483
251,5918,251,5918
-12248,1025,-12248,1025
-14695,19639,-14695,19639
9538,15526,9538,15526
17474,-8104,17474,-8104
-2163,-4822,-2163,-4822
-970,-25,-970,-25
9824,-12623,9824,-12623
-4635,-8443,-4635,-8443
-11721,-718,-11721,-718
819,-5316,819,-5316
-1272,-5467,-1272,-5467
-5586,-5836,-5586,-5836
8048,1138,8048,1138
10238,5699,10238,5699
-3396,-16865,-3396,-16865
-2283,-18744,-2283,-18744
8524,10204,8524,10204
9496,8778,9496,8778
3915,-8471,3915,-8471
-2003,-8155,-2003,-8155
-169,-4431,-169,-4431
8902,-557,8902,-557
5897,-3483,5897,-3483
-6470,-6523,-6470,-6523
-10187,4193,-10187,4193
-9176,3995,-9176,3995
-7246,-3799,-7246,-3799
-2245,-376,-2245,-376
4189,-117,4189,-117
11538,2552,11538,2552
10212,6038,10212,6038
5117,-515,5117,-515
8501,2216,8501,2216
3178,3879,3178,3879
-2666,-3130,-2666,-3130
7220,1884,7220,1884
499,483,499,483
-10338,-5626,-10338,-5626
6433,-760,6433,-760
10224,-11202,10224,-11202
-3362,-14827,-3362,-14827
446,6115,446,6115
7981,4271,7981,4271
10151,-7076,10151,-7076
465,-1731,465,-1731
-15532,-6481,-15532,-6481
-1174,-7887,-1174,-7887
9664,2714,9664,2714
-9745,-1769,-9745,-1769
-4855,-8023,-4855,-8023
6972,-1221,6972,-1221
-4591,4727,-4591,4727
509,1735,509,1735
7182,-5925,7182,-5925
1392,-6167,1392,-6167
9585,-7496,9585,-7496
7870,-10797,7870,-10797
-1319,7767,-1319,7767
5872,18730,5872,18730
2422,-302,2422,-302
-6489,-2662,-6489,-2662
-3402,7059,-3402,7059
-5738,-2066,-5738,-2066
-7951,-4627,-7951,-4627
-5223,236,-5223,236
-4486,-2271,-4486,-2271
-1441,1225,-1441,1225
-2886,4292,-2886,4292
-7524,-49,-7524,-49
-7183,-7946,-7183,-7946
-3261,-18389,-3261,-18389
2306,-12666,2306,-12666
-1833,164,-1833,164
-1944,-3184,-1944,-3184
12725,-305,12725,-305
7977,5321,7977,5321
1400,-8745,1400,-8745
14077,-13528,14077,-13528
3002,-5772,3002,-5772
-5478,-7935,-5478,-7935
12678,-3415,12678,-3415
3746,3733,3746,3733
-9002,1930,-9002,1930
-91,9350,-91,9350
-3568,8914,-3568,8914
6090,-10036,6090,-10036
16654,-11374,16654,-11374
-8319,2331,-8319,2331
-8856,5586,-8856,5586
8078,801,8078,801
-14283,-6863,-14283,-6863
-22969,-3555,-22969,-3555
-101,8504,-101,8504
2735,3975,2735,3975
-3170,-2574,-3170,-2574
1629,1929,1629,1929
5905,2033,5905,2033
6661,9856,6661,9856
-173,15582,-173,15582
-5849,-4239,-5849,-4239
272,-12323,272,-12323
3750,1931,3750,1931
1046,4776,1046,4776
4298,5160,4298,5160
7862,7995,7862,7995
863,1018,863,1018
-6639,-4468,-6639,-4468
181,-8212,181,-8212
8345,-7508,8345,-7508
-2870,4115,-2870,4115
-18221,4278,-18221,4278
-13064,-4383,-13064,-4383
-367,2362,-367,2362
227,15293,227,15293
-1913,19397,-1913,19397
-1410,10964,-1410,10964
-4019,-2694,-4019,-2694
-2705,-7406,-2705,-7406
-462,-6649,-462,-6649
-2545,-1151,-2545,-1151
5998,5468,5998,5468
15785,-783,15785,-783
4386,-114,4386,-114
-11474,11328,-11474,11328
-8539,4642,-8539,4642
7548,633,7548,633
12406,13188,12406,13188
-2018,7211,-2018,7211
-12349,-10758,-12349,-10758
-13802,-10417,-13802,-10417
-10759,-1381,-10759,-1381
4200,-5472,4200,-5472
2938,-14232,2938,-14232
-13429,-2320,-13429,-2320
-3174,11979,-3174,11979
2360,6134,2360,6134
-11599,5893,-11599,5893
422,4857,422,4857
12230,-6729,12230,-6729
2131,3978,2131,3978
2399,10563,2399,10563
1520,-6587,1520,-6587
-218,-1075,-218,-1075
8164,8121,8164,8121
-2566,-3524,-2566,-3524
-15566,-1958,-15566,-1958
-5024,-666,-5024,-666
909,-8788,909,-8788
-6723,-4004,-6723,-4004
-14691,-5789,-14691,-5789
-8677,-11843,-8677,-11843
10018,-4243,10018,-4243
7799,-3093,7799,-3093
-4569,-3781,-4569,-3781
130,2989,130,2989
-6187,331,-6187,331
-19360,-4390,-19360,-4390
-11594,-588,-11594,-588
-5072,1823,-5072,1823
-6539,-6327,-6539,-6327
397,-17087,397,-17087
4267,-8509,4267,-8509
-3425,3644,-3425,3644
-7715,-4375,-7715,-4375
-1870,-6196,-1870,-6196
108,-3100,108,-3100
422,-12824,422,-12824
7790,-845,7790,-845
2339,22268,2339,22268
-7104,10772,-7104,10772
-605,-3663,-605,-3663
-3588,3219,-3588,3219
-5578,788,-5578,788
7615,-3051,7615,-3051
515,4968,515,4968
-3306,2083,-3306,2083
13283,-406,13283,-406
4542,13097,4542,13097
-6132,12079,-6132,12079
274,-3405,274,-3405
-12318,-6108,-12318,-6108
-17985,-5115,-17985,-5115
-4397,-2116,-4397,-2116
-1434,4775,-1434,4775
1586,-1127,1586,-1127
-924,-2094,-924,-2094
-8547,6626,-8547,6626
5294,152,5294,152
8975,-2035,8975,-2035
-8789,1982,-8789,1982
-8655,-4629,-8655,-4629
-2420,4495,-2420,4495
-4738,10215,-4738,10215
-640,-6479,-640,-6479
1005,531,1005,531
-3024,10454,-3024,10454
-46,-5348,-46,-5348
5459,-4536,5459,-4536
2766,3976,2766,3976
-1141,5249,-1141,5249
3815,13652,3815,13652
1759,623,1759,623
-6520,-16189,-6520,-16189
3503,1418,3503,1418
12546,13122,12546,13122
8189,2307,8189,2307
10521,-7398,10521,-7398
5764,-11562,5764,-11562
1091,-6447,1091,-6447
13816,-2745,13816,-2745
7738,-613,7738,-613
-7030,6289,-7030,6289
-191,-797,-191,-797
-1572,967,-1572,967
-3350,17578,-3350,17578
7963,2454,7963,2454
2039,-10428,2039,-10428
-3185,4370,-3185,4370
400,-2425,400,-2425
-12530,-4303,-12530,-4303
-14010,15197,-14010,15197
1240,6084,1240,6084
2987,-1833,2987,-1833
3165,10594,3165,10594
5155,85,5155,85
4318,-6574,4318,-6574
11560,9870,11560,9870
14074,9649,14074,9649
7332,1954,7332,1954
-2747,6134,-2747,6134
-14970,7921,-14970,7921
-9074,8002,-9074,8002
1745,1994,1745,1994
-3618,-13136,-3618,-13136
3076,-10702,3076,-10702
11524,5228,11524,5228
1571,1268,1571,1268
7156,-10610,7156,-10610
18715,-6951,18715,-6951
11605,-3895,11605,-3895
5603,-7785,5603,-7785
-3344,-4668,-3344,-4668
-12241,-2339,-12241,-2339
-3831,-6925,-3831,-6925
1049,-3973,1049,-3973
1137,4296,1137,4296
5135,3760,5135,3760
1543,2194,1543,2194
947,5467,947,5467
-4556,1493,-4556,1493
-16382,455,-16382,455
3384,11679,3384,11679
23455,6517,23455,6517
6659,-8152,6659,-8152
-1470,1127,-1470,1127
2905,7306,2905,7306
-5305,-4172,-5305,-4172
-8430,-5476,-8430,-5476
-6756,-9363,-6756,-9363
-4418,-17337,-4418,-17337
-2091,-6143,-2091,-6143
-9327,318,-9327,318
-4728,-7638,-4728,-7638
3904,-6611,3904,-6611
-8022,-2781,-8022,-2781
-6058,-4323,-6058,-4323
7280,-3509,7280,-3509
1103,4091,1103,4091
-336,9893,-336,9893
655,-342,655,-342
-6869,-10020,-6869,-10020
-1496,-9319,-1496,-9319
-2691,-11271,-2691,-11271
-12774,-539,-12774,-539
-698,9186,-698,9186
10721,-4436,10721,-4436
4286,-1831,4286,-1831
-2599,7003,-2599,7003
-3896,-5101,-3896,-5101
7568,1854,7568,1854
14422,7406,14422,7406
1801,-8363,1801,-8363
1604,6091,1604,6091
5335,19689,5335,19689
-13668,2132,-13668,2132
-14199,3492,-14199,3492
12190,8085,12190,8085
9616,-3908,9616,-3908
-16388,-964,-16388,-964
-15789,3108,-15789,3108
1459,2205,1459,2205
4207,10055,4207,10055
2140,5398,2140,5398
-1928,-6544,-1928,-6544
-12758,-3427,-12758,-3427
-7739,902,-7739,902
4530,-2491,4530,-2491
356,103,356,103
1942,6228,1942,6228
6590,-3576,6590,-3576
-5009,-11053,-5009,-11053
-3392,8813,-3392,8813
11146,15948,11146,15948
7346,-3357,7346,-3357
-3315,-3818,-3315,-3818
-7879,3280,-7879,3280
-4242,-8315,-4242,-8315
6967,-14745,6967,-14745
1665,-8662,1665,-8662
-10806,-3260,-10806,-3260
199,-1422,199,-1422
7081,1300,7081,1300
-11930,6250,-11930,6250
-22009,3805,-22009,3805
-10185,2608,-10185,2608
-236,8355,-236,8355
-659,4874,-659,4874
-6387,3778,-6387,3778
-11166,5283,-11166,5283
-4914,-3896,-4914,-3896
1882,822,1882,822
-8355,4489,-8355,4489
-13233,-11489,-13233,-11489
872,-5253,872,-5253
2992,6545,2992,6545
-5903,-4670,-5903,-4670
-883,-904,-883,-904
5125,10813,5125,10813
3481,6215,3481,6215
1857,-1091,1857,-1091
-6739,-6146,-6739,-6146
-15980,1771,-15980,1771
-9679,10958,-9679,10958
3795,5150,3795,5150
6368,9027,6368,9027
-1561,3928,-1561,3928
-2070,-18503,-2070,-18503
4524,-8365,4524,-8365
-3973,10086,-3973,10086
-16997,3435,-16997,3435
-6019,262,-6019,262
8321,-5822,8321,-5822
-479,-12200,-479,-12200
-3039,-2153,-3039,-2153
9778,-2993,9778,-2993
706,-9931,706,-9931
-11486,-4491,-11486,-4491
1342,-3333,1342,-3333
-912,-5059,-912,-5059
-8769,-1331,-8769,-1331
10933,6112,10933,6112
8747,7605,8747,7605
-9477,-4671,-9477,-4671
5092,-4006,5092,-4006
5498,6322,5498,6322
-15414,-2395,-15414,-2395
-8102,-2444,-8102,-2444
-142,7733,-142,7733
-3514,-1551,-3514,-1551
5574,-6788,5574,-6788
8554,247,8554,247
1100,7189,1100,7189
-7459,15689,-7459,15689
-8910,7859,-8910,7859
8095,-1740,8095,-1740
7376,10056,7376,10056
-13106,10379,-13106,10379
-3357,-1472,-3357,-1472
9772,2348,9772,2348
683,5734,683,5734
3201,1283,3201,1283
5750,4635,5750,4635
-3408,10926,-3408,10926
-2572,6747,-2572,6747
2451,-36,2451,-36
4707,3064,4707,3064
3238,3841,3238,3841
3871,6341,3871,6341
19084,21633,19084,21633
18375,16230,18375,16230
-709,-5022,-709,-5022
7013,-3901,7013,-3901
14299,-4255,14299,-4255
-3764,-10723,-3764,-10723
-4188,-1042,-4188,-1042
2325,47,2325,47
-6117,-5023,-6117,-5023
-585,695,-585,695
5646,597,5646,597
-6082,-1187,-6082,-1187
-11018,-6077,-11018,-6077
-9950,-13089,-9950,-13089
-7012,3162,-7012,3162
-25,16670,-25,16670
-10035,4597,-10035,4597
-13707,-5425,-13707,-5425
8718,-12048,8718,-12048
843,-12583,843,-12583
-26014,-1823,-26014,-1823
-6405,-3779,-6405,-3779
12765,-5079,12765,-5079
-7251,5508,-7251,5508
-6452,-1803,-6452,-1803
15273,-13557,15273,-13557
8983,-3821,8983,-3821
-10359,8041,-10359,8041
-11629,4808,-11629,4808
-1262,-7136,-1262,-7136
-1618,-11542,-1618,-11542
-7495,-2685,-7495,-2685
1680,9511,1680,9511
5363,16767,5363,16767
-4890,10921,-4890,10921
-190,-943,-190,-943
4440,-3714,4440,-3714
-3288,-4943,-3288,-4943
1546,-5439,1546,-5439
404,-1479,404,-1479
-18325,-1074,-18325,-1074
-17538,2640,-17538,2640
150,840,150,840
4116,-15340,4116,-15340
-1402,-14452,-1402,-14452
-2031,-1324,-2031,-1324
-2052,-1703,-2052,-1703
-4607,1078,-4607,1078
-1419,3005,-1419,3005
-2894,-1148,-2894,-1148
-12260,10617,-12260,10617
-2145,15717,-2145,15717
9622,-178,9622,-178
-2963,-2998,-2963,-2998
-6101,5276,-6101,5276
-3675,5847,-3675,5847
-16645,5188,-16645,5188
-13906,2423,-13906,2423
-5101,-806,-5101,-806
-10248,1516,-10248,1516
-2938,-745,-2938,-745
7361,-9314,7361,-9314
4968,-12085,4968,-12085
1104,-8753,1104,-8753
-4765,-5086,-4765,-5086
1308,672,1308,672
12307,4480,12307,4480
1468,-655,1468,-655
-4599,-3960,-4599,-3960
2573,1965,2573,1965
-1470,6195,-1470,6195
312,4324,312,4324
8227,-3077,8227,-3077
1133,-9975,1133,-9975
-3522,-3083,-3522,-3083
4645,5699,4645,5699
7015,409,7015,409
-1843,-6981,-1843,-6981
-3260,-9943,-3260,-9943
4463,-8844,4463,-8844
930,-1998,930,-1998
3061,-1061,3061,-1061
14297,-4384,14297,-4384
-2544,597,-2544,597
-13462,4983,-13462,4983
7187,1667,7187,1667
3048,-3806,3048,-3806
-10675,-6920,-10675,-6920
414,-3142,414,-3142
-1246,-1,-1246,-1
-3258,-4685,-3258,-4685
9572,-5290,9572,-5290
2842,-380,2842,-380
-1696,-444,-1696,-444
10552,-1037,10552,-1037
5814,418,5814,418
-4080,-2388,-4080,-2388
-1343,-5248,-1343,-5248
-3108,-5000,-3108,-5000
-9194,-4124,-9194,-4124
-3494,2871,-3494,2871
10203,8502,10203,8502
9166,1069,9166,1069
-1709,1372,-1709,1372
-1453,13660,-1453,13660
-5353,7989,-5353,7989
-12332,-3770,-12332,-3770
-1691,4123,-1691,4123
2332,13491,2332,13491
-6234,11569,-6234,11569
-2323,1444,-2323,1444
588,-10243,588,-10243
-6059,-4400,-6059,-4400
-8629,7257,-8629,7257
-6771,5411,-6771,5411
3565,5512,3565,5512
12215,-322,12215,-322
270,-18680,270,-18680
-11071,-16409,-11071,-16409
-3526,-1512,-3526,-1512
3812,193,3812,193
3904,5693,3904,5693
4360,11395,4360,11395
-983,853,-983,853
-7116,-7128,-7116,-7128
804,-6111,804,-6111
5386,-7473,5386,-7473
-6212,-5879,-6212,-5879
-7793,-583,-7793,-583
4116,-1249,4116,-1249
8358,-4151,8358,-4151
4758,-228,4758,-228
1331,2511,1331,2511
7739,-5728,7739,-5728
11162,-7733,11162,-7733
-6868,8091,-6868,8091
-9005,11762,-9005,11762
5924,-9615,5924,-9615
-7128,-18773,-7128,-18773
-7522,-6593,-7522,-6593
18453,-3453,18453,-3453
11271,-3687,11271,-3687
1397,5486,1397,5486
12108,2483,12108,2483
1537,-6695,1537,-6695
-1321,-1569,-1321,-1569
10275,1271,10275,1271
-4316,-2766,-4316,-2766
-11214,-4462,-11214,-4462
3181,-8822,3181,-8822
7178,-2997,7178,-2997
6994,9695,6994,9695
-753,2894,-753,2894
-11546,-2806,-11546,-2806
-4426,8441,-4426,8441
-1681,6660,-1681,6660
-6749,-3889,-6749,-3889
-1217,993,-1217,993
-76,8068,-76,8068
-1671,3015,-1671,3015
-427,-4999,-427,-4999
-8365,-5805,-8365,-5805
-10158,-5321,-10158,-5321
-2447,-7938,-2447,-7938
-4251,370,-4251,370
-5437,11803,-5437,11803
1408,4430,1408,4430
1376,-2902,1376,-2902
-5922,3228,-5922,3228
-7658,2771,-7658,2771
-2381,-919,-2381,-919
1740,-1579,1740,-1579
4731,-9609,4731,-9609
3780,-9079,3780,-9079
-5664,3535,-5664,3535
-7918,1294,-7918,1294
-3334,-3347,-3334,-3347
-5030,7068,-5030,7068
1395,5139,1395,5139
6984,-10369,6984,-10369
-2752,-15066,-2752,-15066
2481,-13191,2481,-13191
14235,-3663,14235,-3663
3500,9883,3500,9883
-2562,1824,-2562,1824
5740,-10795,5740,-10795
10118,-1360,10118,-1360
7424,6694,7424,6694
-4771,322,-4771,322
-3876,-7279,-3876,-7279
11542,-8824,11542,-8824
1965,-1088,1965,-1088
-9180,2464,-9180,2464
354,-3697,354,-3697
-4805,-2997,-4805,-2997
-6885,493,-6885,493
7163,-321,7163,-321
4285,-2059,4285,-2059
3862,-7845,3862,-7845
11768,-5895,11768,-5895
3913,960,3913,960
1402,-5115,1402,-5115
-778,-5478,-778,-5478
-12313,72,-12313,72
-5774,-8337,-5774,-8337
-2633,-7566,-2633,-7566
-8952,6526,-8952,6526
4931,8527,4931,8527
4830,-896,4830,-896
-8264,-12634,-8264,-12634
10409,-6709,10409,-6709
22701,13454,22701,13454
7963,6779,7963,6779
3324,-6589,3324,-6589
1290,2554,1290,2554
-2877,-3948,-2877,-3948
4447,-19147,4447,-19147
7624,-10841,7624,-10841
4422,-5303,4422,-5303
2671,-5086,2671,-5086
-1576,6706,-1576,6706
-3044,9131,-3044,9131
-3322,-58,-3322,-58
-3911,-3134,-3911,-3134
1689,-898,1689,-898
2630,3859,2630,3859
-2515,7219,-2515,7219
162,6131,162,6131
4100,5067,4100,5067
2945,789,2945,789
2357,-4493,2357,-4493
-2040,2840,-2040,2840
-6311,10356,-6311,10356
4697,-1827,4697,-1827
16938,-8416,16938,-8416
9077,6047,9077,6047
-441,4237,-441,4237
22,-12526,22,-12526
-2583,-6894,-2583,-6894
3962,2869,3962,2869
12243,-1136,12243,-1136
-5848,836,-5848,836
-16383,1866,-16383,1866
-2123,-3260,-2123,-3260
-3521,2695,-3521,2695
-9635,13566,-9635,13566
1742,14793,1742,14793
10845,3773,10845,3773
14107,-8077,14107,-8077
6751,-5075,6751,-5075
-10074,-1674,-10074,-1674
-13523,-7609,-13523,-7609
-11800,-5991,-11800,-5991
-8172,-2493,-8172,-2493
3401,-3562,3401,-3562
-1263,-1241,-1263,-1241
-9816,-5770,-9816,-5770
-14,-11841,-14,-11841
4513,-2697,4513,-2697
2222,5238,2222,5238
2475,936,2475,936
751,-52,751,-52
1476,2669,1476,2669
-5021,-5154,-5021,-5154
-8693,-9886,-8693,-9886
1603,8910,1603,8910
-7636,20462,-7636,20462
-16408,4110,-16408,4110
5615,-2957,5615,-2957
9084,2731,9084,2731
-7159,3080,-7159,3080
-2488,10067,-2488,10067
8538,8097,8538,8097
12240,-3283,12240,-3283
3976,3006,3976,3006
-5483,-1004,-5483,-1004
8038,-13582,8038,-13582
8903,336,8903,336
-11150,2457,-11150,2457
-2172,-9822,-2172,-9822
13848,5119,13848,5119
6424,12774,6424,12774
-1785,1136,-1785,1136
-7686,2475,-7686,2475
-5872,2076,-5872,2076
2243,-849,2243,-849
-3569,4729,-3569,4729
-6215,3558,-6215,3558
-1978,3310,-1978,3310
-7568,1213,-7568,1213
-6812,-13133,-6812,-13133
-1127,-11691,-1127,-11691
1845,2713,1845,2713
10941,3523,10941,3523
5509,281,5509,281
-11553,-2788,-11553,-2788
-9112,-4950,-9112,-4950
-2854,3015,-2854,3015
-5954,7888,-5954,7888
-5376,5071,-5376,5071
-8247,4256,-8247,4256
-8251,-1065,-8251,-1065
7817,-10644,7817,-10644
12764,-10982,12764,-10982
2411,2034,2411,2034
13514,10725,13514,10725
23929,-4094,23929,-4094
-2243,-17767,-2243,-17767
-14905,-4939,-14905,-4939
2093,5169,2093,5169
-5542,-1789,-5542,-1789
-15686,547,-15686,547
1258,10910,1258,10910
2481,7811,2481,7811
-6502,826,-6502,826
-2393,6535,-2393,6535
-3253,4453,-3253,4453
-1460,-12580,-1460,-12580
-2718,-5203,-2718,-5203
-17067,16152,-17067,16152
-8929,3317,-8929,3317
7552,-16075,7552,-16075
-2291,-7851,-2291,-7851
-9515,3506,-9515,3506
-4449,5724,-4449,5724
-4180,-928,-4180,-928
-5227,-8454,-5227,-8454
-5884,1453,-5884,1453
1191,9612,1191,9612
10537,5307,10537,5307
4952,7351,4952,7351
-102,6775,-102,6775
583,16,583,16
-3641,-5795,-3641,-5795
-2124,-13189,-2124,-13189
-237,-8942,-237,-8942
-3897,-4372,-3897,-4372
-469,-9502,-469,-9502
1305,-229,1305,-229
-2332,1419,-2332,1419
-1119,-8712,-1119,-8712
379,6063,379,6063
-198,8061,-198,8061
-7382,-8881,-7382,-8881
-16366,3287,-16366,3287
-5287,7921,-5287,7921
6341,-7893,6341,-7893
-5578,-7351,-5578,-7351
-9775,-4777,-9775,-4777
1749,6151,1749,6151
-595,17052,-595,17052
-6820,-3374,-6820,-3374
703,-5368,703,-5368
1732,13394,1732,13394
-6662,1931,-6662,1931
-717,-4317,-717,-4317
7056,2643,7056,2643
-3255,-3737,-3255,-3737
-8567,-796,-8567,-796
-6171,412,-6171,412
-14272,-5219,-14272,-5219
-7912,475,-7912,475
13060,-7528,13060,-7528
8579,-13117,8579,-13117
-3293,3843,-3293,3843
4593,4423,4593,4423
6409,-111,6409,-111
-646,8853,-646,8853
1391,7311,1391,7311
2242,4399,2242,4399
2,4246,2,4246
3233,-716,3233,-716
5235,2417,5235,2417
2132,7932,2132,7932
-7086,11363,-7086,11363
-15897,10461,-15897,10461
-7467,1726,-7467,1726
2361,3179,2361,3179
-4963,-265,-4963,-265
-4411,-13939,-4411,-13939
274,-3934,274,-3934
-13941,1887,-13941,1887
-16254,-6805,-16254,-6805
-3102,5874,-3102,5874
-6994,3977,-6994,3977
-6966,-12118,-6966,-12118
4564,1282,4564,1282
5979,4118,5979,4118
10176,-6117,10176,-6117
4503,1504,4503,1504
-18364,-4337,-18364,-4337
-11181,-5844,-11181,-5844
11285,9806,11285,9806
4375,-1520,4375,-1520
-3747,-2856,-3747,-2856
4428,23227,4428,23227
8833,13445,8833,13445
5896,-8150,5896,-8150
429,-27,429,-27
-103,2730,-103,2730
415,-4230,415,-4230
-730,-7276,-730,-7276
9501,-11605,9501,-11605
11144,-2765,11144,-2765
-6748,9405,-6748,9405
-8357,1881,-8357,1881
2658,-4838,2658,-4838
2850,-3093,2850,-3093
2747,-8798,2747,-8798
2298,-9060,2298,-9060
5,3013,5,3013
-1768,7968,-1768,7968
-10129,1030,-10129,1030
-7009,-3900,-7009,-3900
10201,4756,10201,4756
10211,16023,10211,16023
536,9150,536,9150
5509,-4561,5509,-4561
16014,-8143,16014,-8143
16388,-7581,16388,-7581
6334,-1276,6334,-1276
-2545,6512,-2545,6512
-5701,4863,-5701,4863
-4274,3907,-4274,3907
2312,234,2312,234
-1345,-11577,-1345,-11577
-9605,-11041,-9605,-11041
4611,-326,4611,-326
16316,5489,16316,5489
2592,2660,2592,2660
-1923,-12290,-1923,-12290
8032,-14907,8032,-14907
3985,5759,3985,5759
-4750,17913,-4750,17913
880,15550,880,15550
2514,6062,2514,6062
-11782,-1636,-11782,-1636
-9461,9369,-9461,9369
10347,9266,10347,9266
8927,-7545,8927,-7545
5070,23,5070,23
11916,5966,11916,5966
-3147,-6582,-3147,-6582
-10144,-5304,-10144,-5304
7978,-5229,7978,-5229
2936,-5675,2936,-5675
-7086,4568,-7086,4568
2547,-4534,2547,-4534
636,-9011,636,-9011
0,10505,0,10505
7224,11857,7224,11857
-2748,2859,-2748,2859
-6916,4921,-6916,4921
2644,9936,2644,9936
-250,17482,-250,17482
-7676,7166,-7676,7166
-8376,-9799,-8376,-9799
-4993,27,-4993,27
767,4472,767,4472
2719,-2330,2719,-2330
4201,11349,4201,11349
6115,18210,6115,18210
4774,6276,4774,6276
3244,4769,3244,4769
-6779,9892,-6779,9892
-16041,5774,-16041,5774
-3679,-802,-3679,-802
5319,3977,5319,3977
-2921,9067,-2921,9067
-3311,2132,-3311,2132
-4876,3434,-4876,3434
-12441,4038,-12441,4038
3445,-11455,3445,-11455
20496,-9274,20496,-9274
5948,3445,5948,3445
-2336,845,-2336,845
6962,3378,6962,3378
-1068,2059,-1068,2059
-4748,-6728,-4748,-6728
7019,482,7019,482
-1558,-1630,-1558,-1630
-4172,-13822,-4172,-13822
14514,-6445,14514,-6445
7829,15,7829,15
-4404,4297,-4404,4297
4016,17718,4016,17718
2533,14459,2533,14459
1613,1396,1613,1396
4250,-1136,4250,-1136
-4275,-428,-4275,-428
3445,3395,3445,3395
8375,2181,8375,2181
-7210,-7447,-7210,-7447
-1490,-3034,-1490,-3034
5831,9942,5831,9942
-821,6828,-821,6828
9680,-2094,9680,-2094
6594,1079,6594,1079
-7440,3153,-7440,3153
6058,-3020,6058,-3020
7054,-552,7054,-552
-8263,2212,-8263,2212
-3230,-4590,-3230,-4590
3114,-2644,3114,-2644
7039,-3867,7039,-3867
8675,-10666,8675,-10666
-5811,5427,-5811,5427
-8916,11329,-8916,11329
3136,-11552,3136,-11552
3553,-15260,3553,-15260
-5441,-6280,-5441,-6280
-13609,-4457,-13609,-4457
-10502,3384,-10502,3384
-6023,-1824,-6023,-1824
-10066,-11895,-10066,-11895
1218,-1973,1218,-1973
8041,2670,8041,2670
-3622,382,-3622,382
8436,-145,8436,-145
14174,-8706,14174,-8706
-9109,-4417,-9109,-4417
-4523,4563,-4523,4563
5318,-1624,5318,-1624
-4652,5412,-4652,5412
10266,12792,10266,12792
18303,-303,18303,-303
-1646,-3151,-1646,-3151
943,-3097,943,-3097
6632,-8886,6632,-8886
-6926,-1228,-6926,-1228
-4535,-4235,-4535,-4235
4087,-18324,4087,-18324
-912,-13654,-912,-13654
-75,-5229,-75,-5229
10130,2685,10130,2685
14604,9625,14604,9625
8440,-294,8440,-294
-3077,763,-3077,763
-11417,11003,-11417,11003
-8274,-4353,-8274,-4353
1336,-11206,1336,-11206
-3423,1411,-3423,1411
-15774,-5432,-15774,-5432
-12999,-13041,-12999,-13041
-8917,-5040,-8917,-5040
-8552,590,-8552,590
1308,8166,1308,8166
2276,11281,2276,11281
-5987,4282,-5987,4282
-1061,-33,-1061,-33
3179,-4930,3179,-4930
-153,-5349,-153,-5349
2613,-2058,2613,-2058
4026,-3413,4026,-3413
4495,8658,4495,8658
10254,10108,10254,10108
4418,-18348,4418,-18348
-9973,-18051,-9973,-18051
-7057,3126,-7057,3126
4679,-3442,4679,-3442
2855,-3001,2855,-3001
-1471,9738,-1471,9738
-621,9246,-621,9246
-8186,12183,-8186,12183
-12024,10233,-12024,10233
492,4264,492,4264
3362,9819,3362,9819
-7485,4488,-7485,4488
-4801,1172,-4801,1172
2753,10753,2753,10753
-3813,2752,-3813,2752
-4963,-5186,-4963,-5186
6820,-2597,6820,-2597
6456,-5180,6456,-5180
-3329,4276,-3329,4276
-5436,10772,-5436,10772
-8804,4552,-8804,4552
-5007,10998,-5007,10998
10076,7239,10076,7239
2591,-7507,2591,-7507
-10956,-4948,-10956,-4948
2062,-2941,2062,-2941
5302,1510,5302,1510
-4524,4351,-4524,4351
-40,-13971,-40,-13971
-3847,-10793,-3847,-10793
-6380,4738,-6380,4738
10195,-11395,10195,-11395
12773,-8111,12773,-8111
8483,16381,8483,16381
9243,1370,9243,1370
-4449,-16394,-4449,-16394
-4747,1953,-4747,1953
11646,16652,11646,16652
6708,7335,6708,7335
1746,-5856,1746,-5856
7791,-8168,7791,-8168
-361,-1814,-361,-1814
-3374,8430,-3374,8430
5970,12365,5970,12365
1371,2150,1371,2150
-4764,-2517,-4764,-2517
2943,-571,2943,-571
1890,-6738,1890,-6738
-9295,984,-9295,984
-2039,9821,-2039,9821
12209,-9345,12209,-9345
2787,-15745,2787,-15745
-7574,529,-7574,529
2774,4687,2774,4687
4781,6457,4781,6457
-10469,6513,-10469,6513
-15551,-182,-15551,-182
-3642,6533,-3642,6533
2797,9551,2797,9551
-3509,-4168,-3509,-4168
1446,-3776,1446,-3776
14645,12497,14645,12497
11732,15751,11732,15751
6813,2600,6813,2600
6988,-4646,6988,-4646
3878,273,3878,273
8893,4835,8893,4835
7509,7758,7509,7758
-3399,3545,-3399,3545
3864,-2383,3864,-2383
5912,10876,5912,10876
-6657,14812,-6657,14812
-1206,-4164,-1206,-4164
3699,-1655,3699,-1655
-2662,8338,-2662,8338
2601,-3993,2601,-3993
6815,-9593,6815,-9593
1562,-4428,1562,-4428
-2895,1589,-2895,1589
746,12042,746,12042
13445,10456,13445,10456
10911,-590,10911,-590
954,-7920,954,-7920
7079,-8855,7079,-8855
-1890,4915,-1890,4915
-17360,9509,-17360,9509
-1812,-3514,-1812,-3514
13128,3583,13128,3583
9141,13449,9141,13449
-647,-373,-647,-373
-11985,-1694,-11985,-1694
-6511,8398,-6511,8398
-742,-1115,-742,-1115
-10512,-5543,-10512,-5543
-4871,9509,-4871,9509
1803,9107,1803,9107
-5752,-1323,-5752,-1323
-824,7337,-824,7337
2765,3014,2765,3014
-468,-17192,-468,-17192
3317,-2806,3317,-2806
-2445,10243,-2445,10243
-4531,-8768,-4531,-8768
5639,-644,5639,-644
3698,16746,3698,16746
3248,1788,3248,1788
6558,-1849,6558,-1849
-3807,4116,-3807,4116
-8340,-4863,-8340,-4863
-1185,-6774,-1185,-6774
9862,-3790,9862,-3790
18328,754,18328,754
4545,2537,4545,2537
-5403,-10756,-5403,-10756
11385,-6468,11385,-6468
12024,9111,12024,9111
-3544,-2227,-3544,-2227
297,-9072,297,-9072
4010,-1641,4010,-1641
-1861,-5612,-1861,-5612
4863,-6123,4863,-6123
11723,-1419,11723,-1419
3562,-1375,3562,-1375
-1609,-2989,-1609,-2989
1275,-6327,1275,-6327
1700,-3474,1700,-3474
5589,-12367,5589,-12367
9273,-31427,9273,-31427
1440,-14153,1440,-14153
-5335,5088,-5335,5088
-8054,-9877,-8054,-9877
-11168,-4332,-11168,-4332
-3980,10631,-3980,10631
1517,-419,1517,-419
-2246,1268,-2246,1268
97,7593,97,7593
-200,-3882,-200,-3882
-1764,-2208,-1764,-2208
3214,8939,3214,8939
-3083,13903,-3083,13903
-4098,13682,-4098,13682
11168,-1640,11168,-1640
13056,-6214,13056,-6214
7361,12588,7361,12588
-2838,9912,-2838,9912
-17962,-3335,-17962,-3335
-2793,13492,-2793,13492
12003,21834,12003,21834
-7475,-880,-7475,-880
-5463,-6439,-5463,-6439
10946,7347,10946,7347
-7099,2389,-7099,2389
-19289,-8517,-19289,-8517
224,-2252,224,-2252
14137,7118,14137,7118
5049,6640,5049,6640
-9045,4684,-9045,4684
-6211,8637,-6211,8637
4313,4468,4313,4468
8556,-10947,8556,-10947
13266,-9988,13266,-9988
8458,1469,8458,1469
-4115,-1306,-4115,-1306
-4217,170,-4217,170
-3269,5798,-3269,5798
-5486,-1175,-5486,-1175
1873,5201,1873,5201
10320,18956,10320,18956
9241,8140,9241,8140
-5339,-1063,-5339,-1063
-16939,7094,-16939,7094
