14914,-2760
15069,-2777
15224,-2793
15378,-2809
15532,-2825
15686,-2841
15839,-2856
15992,-2871
16144,-2885
16296,-2900
16448,-2914
16599,-2927
16749,-2941
16899,-2954
17049,-2966
17198,-2979
17347,-2991
17495,-3002
17643,-3014
17791,-3025
17937,-3036
18084,-3046
18230,-3057
18375,-3066
18520,-3076
18664,-3085
18808,-3094
18951,-3103
19094,-3111
19236,-3119
19378,-3127
19519,-3134
19660,-3142
19800,-3148
19940,-3155
20079,-3161
20217,-3167
20355,-3173
20492,-3178
20629,-3183
20765,-3188
20901,-3192
21036,-3196
21170,-3200
21304,-3203
21437,-3207
21570,-3210
21702,-3212
21833,-3215
21964,-3217
22094,-3218
22224,-3220
22353,-3221
22481,-3222
22609,-3223
22736,-3223
22862,-3223
22988,-3223
23113,-3222
23238,-3221
23361,-3220
23485,-3219
23607,-3217
23729,-3215
23850,-3213
23970,-3210
24090,-3208
24209,-3205
24328,-3201
24445,-3198
24562,-3194
24679,-3190
24794,-3185
24909,-3181
25023,-3176
25137,-3171
25250,-3165
25362,-3160
25473,-3154
25584,-3147
25693,-3141
25803,-3134
25911,-3127
26019,-3120
26125,-3112
26232,-3105
26337,-3097
26442,-3088
26545,-3080
26649,-3071
26751,-3062
26852,-3053
26953,-3043
27053,-3034
27153,-3024
27251,-3013
27349,-3003
27446,-2992
27542,-2981
27637,-2970
27731,-2959
27825,-2947
27918,-2936
28010,-2924
28101,-2911
28192,-2899
28282,-2886
28370,-2873
28458,-2860
28546,-2847
28632,-2833
28717,-2819
28802,-2805
28886,-2791
28969,-2777
29051,-2762
29133,-2747
29213,-2732
29293,-2717
29372,-2702
29449,-2686
29527,-2670
29603,-2654
29678,-2638
29753,-2622
29826,-2605
29899,-2588
29971,-2571
30042,-2554
30112,-2537
30182,-2520
30250,-2502
30317,-2484
30384,-2466
30450,-2448
30515,-2430
30579,-2411
30642,-2392
30704,-2374
30765,-2355
30826,-2335
30885,-2316
30944,-2297
31001,-2277
31058,-2257
31114,-2237
31169,-2217
31223,-2197
31276,-2177
31328,-2156
31380,-2136
31430,-2115
31480,-2094
31528,-2073
31576,-2052
31623,-2030
31668,-2009
31713,-1987
31757,-1966
31800,-1944
31842,-1922
31883,-1900
31924,-1878
31963,-1855
32001,-1833
32039,-1810
32075,-1788
32110,-1765
32145,-1742
32179,-1719
32211,-1696
32243,-1673
32274,-1650
32304,-1627
32333,-1603
32361,-1580
32388,-1556
32414,-1532
32439,-1509
32463,-1485
32486,-1461
32508,-1437
32530,-1413
32550,-1389
32569,-1365
32588,-1340
32605,-1316
32622,-1292
32637,-1267
32652,-1243
32665,-1218
32678,-1193
32690,-1169
32700,-1144
32710,-1119
32719,-1094
32727,-1069
32734,-1045
32740,-1020
32745,-995
32749,-970
32752,-945
32754,-919
32755,-894
32755,-869
32754,-844
32752,-819
32750,-794
32746,-768
32741,-743
32736,-718
32729,-693
32721,-667
32713,-642
32703,-617
32693,-592
32682,-566
32669,-541
32656,-516
32642,-491
32626,-465
32610,-440
32593,-415
32575,-390
32556,-364
32536,-339
32515,-314
32493,-289
32470,-264
32446,-239
32421,-214
32395,-189
32369,-164
32341,-139
32312,-114
32283,-89
32252,-64
32221,-39
32188,-15
32155,10
32120,35
32085,59
32049,84
32012,108
31974,133
31935,157
31895,181
31854,205
31812,230
31769,254
31725,278
31681,302
31635,325
31589,349
31541,373
31493,396
31444,420
31393,443
31342,467
31290,490
31237,513
31183,536
31128,559
31073,582
31016,605
30958,627
30900,650
30841,672
30780,694
30719,717
30657,739
30594,761
30530,782
30465,804
30400,826
30333,847
30266,869
30197,890
30128,911
30058,932
29987,953
29915,973
29843,994
29769,1014
29694,1035
29619,1055
29543,1075
29466,1095
29388,1114
29309,1134
29229,1153
29149,1172
29067,1191
28985,1210
28902,1229
28818,1248
28734,1266
28648,1284
28561,1302
28474,1320
28386,1338
28297,1356
28207,1373
28117,1390
28025,1407
27933,1424
27840,1441
27746,1457
27652,1473
27556,1490
27460,1505
27363,1521
27265,1537
27166,1552
27067,1567
26967,1582
26866,1597
26764,1611
26661,1626
26558,1640
26454,1654
26349,1668
26243,1681
26137,1694
26030,1708
25922,1720
25813,1733
25704,1746
25594,1758
25483,1770
25371,1782
25259,1793
25146,1805
25032,1816
24917,1827
24802,1837
24686,1848
24569,1858
24452,1868
24334,1878
24215,1887
24095,1897
23975,1906
23854,1914
23733,1923
23610,1931
23487,1939
23364,1947
23239,1955
23115,1962
22989,1969
22863,1976
22736,1983
22608,1989
22480,1995
22351,2001
22221,2006
22091,2012
21960,2017
21829,2022
21697,2026
21564,2031
21431,2035
21297,2038
21162,2042
21027,2045
20892,2048
20755,2051
20618,2053
20481,2055
20343,2057
20204,2059
20065,2060
19925,2061
19785,2062
19644,2063
19503,2063
19361,2063
19218,2063
19075,2062
18931,2061
18787,2060
18642,2059
18497,2057
18351,2055
18205,2053
18058,2050
17911,2048
17763,2045
17615,2041
17466,2038
17317,2034
17167,2029
17017,2025
16866,2020
16715,2015
16564,2010
16412,2004
16259,1998
16106,1992
15953,1985
15799,1978
15645,1971
15490,1964
15335,1956
15179,1948
15023,1940
14867,1931
14710,1922
14553,1913
14395,1903
14237,1894
14079,1884
13920,1873
13761,1863
13601,1852
13441,1840
13281,1829
13120,1817
12960,1805
12798,1792
12637,1780
12475,1766
12312,1753
12150,1739
11987,1726
11823,1711
11660,1697
11496,1682
11332,1667
11167,1651
11002,1636
10837,1620
10672,1603
10506,1587
10340,1570
10174,1552
10008,1535
9841,1517
9674,1499
9507,1480
9340,1462
9172,1443
9004,1423
8836,1404
8668,1384
8499,1364
8330,1343
8161,1322
7992,1301
7823,1280
7653,1258
7484,1236
7314,1214
7144,1191
6973,1168
6803,1145
6632,1122
6462,1098
6291,1074
6120,1049
5949,1025
5778,1000
5606,975
5435,949
5263,923
5091,897
4920,871
4748,844
4576,817
4404,790
4231,762
4059,735
3887,706
3714,678
3542,649
3369,620
3197,591
3024,562
2852,532
2679,502
2506,471
2333,441
2161,410
1988,379
1815,347
1642,315
1470,283
1297,251
1124,219
951,186
779,153
606,119
433,86
261,52
88,18
-85,-17
-257,-52
-429,-87
-602,-122
-774,-157
-946,-193
-1118,-229
-1290,-265
-1462,-302
-1634,-339
-1806,-376
-1977,-413
-2149,-450
-2320,-488
-2492,-526
-2663,-565
-2834,-603
-3005,-642
-3175,-681
-3346,-720
-3516,-760
-3687,-799
-3857,-839
-4027,-880
-4196,-920
-4366,-961
-4535,-1002
-4704,-1043
-4873,-1084
-5042,-1126
-5211,-1168
-5379,-1210
-5547,-1252
-5715,-1294
-5883,-1337
-6050,-1380
-6218,-1423
-6385,-1467
-6551,-1510
-6718,-1554
-6884,-1598
-7050,-1642
-7216,-1687
-7381,-1731
-7546,-1776
-7711,-1821
-7876,-1867
-8040,-1912
-8204,-1958
-8368,-2004
-8531,-2050
-8694,-2096
-8857,-2142
-9020,-2189
-9182,-2236
-9343,-2283
-9505,-2330
-9666,-2377
-9827,-2425
-9987,-2472
-10147,-2520
-10307,-2568
-10466,-2617
-10625,-2665
-10784,-2714
-10942,-2762
-11100,-2811
-11257,-2860
-11414,-2910
-11571,-2959
-11727,-3008
-11883,-3058
-12038,-3108
-12193,-3158
-12348,-3208
-12502,-3258
-12656,-3309
-12809,-3359
-12962,-3410
-13115,-3461
-13266,-3512
-13418,-3563
-13569,-3614
-13720,-3666
-13870,-3717
-14019,-3769
-14169,-3821
-14317,-3873
-14466,-3925
-14613,-3977
-14760,-4029
-14907,-4081
-15053,-4134
-15199,-4186
-15344,-4239
-15489,-4292
-15633,-4345
-15777,-4397
-15920,-4451
-16063,-4504
-16205,-4557
-16346,-4610
-16487,-4664
-16628,-4717
-16768,-4771
-16907,-4824
-17046,-4878
-17184,-4932
-17322,-4986
-17459,-5040
-17595,-5094
-17731,-5148
-17866,-5202
-18001,-5256
-18135,-5311
-18269,-5365
-18402,-5419
-18534,-5474
-18666,-5528
-18797,-5583
-18928,-5637
-19058,-5692
-19187,-5747
-19315,-5801
-19443,-5856
-19571,-5911
-19698,-5965
-19824,-6020
-19949,-6075
-20074,-6130
-20198,-6185
-20322,-6240
-20445,-6295
-20567,-6349
-20688,-6404
-20809,-6459
-20929,-6514
-21049,-6569
-21168,-6624
-21286,-6679
-21403,-6734
-21520,-6789
-21636,-6844
-21752,-6898
-21866,-6953
-21980,-7008
-22094,-7063
-22206,-7118
-22318,-7172
-22429,-7227
-22540,-7282
-22650,-7336
-22759,-7391
-22867,-7446
-22974,-7500
-23081,-7555
-23187,-7609
-23293,-7663
-23397,-7718
-23501,-7772
-23604,-7826
-23706,-7880
-23808,-7934
-23909,-7988
-24009,-8042
-24108,-8096
-24207,-8150
-24305,-8203
-24402,-8257
-24498,-8311
-24594,-8364
-24688,-8417
-24782,-8471
-24875,-8524
-24968,-8577
-25059,-8630
-25150,-8683
-25240,-8735
-25329,-8788
-25418,-8840
-25505,-8893
-25592,-8945
-25678,-8997
-25763,-9049
-25848,-9101
-25931,-9153
-26014,-9205
-26096,-9256
-26177,-9308
-26258,-9359
-26337,-9410
-26416,-9461
-26494,-9512
-26571,-9563
-26647,-9613
-26722,-9663
-26797,-9714
-26871,-9764
-26943,-9814
-27015,-9863
-27087,-9913
-27157,-9962
-27227,-10011
-27295,-10060
-27363,-10109
-27430,-10158
-27496,-10206
-27561,-10255
-27626,-10303
-27690,-10351
-27752,-10398
-27814,-10446
-27875,-10493
-27935,-10540
-27995,-10587
-28053,-10634
-28111,-10680
-28167,-10727
-28223,-10773
-28278,-10819
-28332,-10864
-28385,-10910
-28438,-10955
-28489,-11000
-28540,-11044
-28590,-11089
-28638,-11133
-28686,-11177
-28733,-11221
-28780,-11264
-28825,-11308
-28870,-11351
-28913,-11393
-28956,-11436
-28998,-11478
-29039,-11520
-29079,-11562
-29118,-11603
-29156,-11644
-29194,-11685
-29230,-11726
-29266,-11766
-29300,-11806
-29334,-11846
-29367,-11886
-29399,-11925
-29430,-11964
-29461,-12003
-29490,-12041
-29519,-12079
-29546,-12117
-29573,-12154
-29599,-12191
-29624,-12228
-29648,-12265
-29671,-12301
-29693,-12337
-29715,-12373
-29735,-12408
-29755,-12443
-29773,-12477
-29791,-12512
-29808,-12546
-29824,-12579
-29839,-12613
-29853,-12646
-29867,-12678
-29879,-12711
-29891,-12743
-29901,-12774
-29911,-12806
-29920,-12837
-29928,-12867
-29935,-12898
-29941,-12927
-29946,-12957
-29951,-12986
-29954,-13015
-29957,-13043
-29959,-13072
-29960,-13099
-29959,-13127
-29959,-13154
-29957,-13180
-29954,-13207
-29950,-13232
-29946,-13258
-29941,-13283
-29934,-13308
-29927,-13332
-29919,-13356
-29910,-13380
-29901,-13403
-29890,-13425
-29878,-13448
-29866,-13470
-29853,-13491
-29839,-13513
-29824,-13533
-29808,-13554
-29791,-13574
-29773,-13593
-29755,-13612
-29735,-13631
-29715,-13649
-29694,-13667
-29672,-13685
-29649,-13702
-29625,-13718
-29601,-13735
-29575,-13750
-29549,-13766
-29522,-13781
-29494,-13795
-29465,-13809
-29435,-13823
-29405,-13836
-29373,-13849
-29341,-13861
-29308,-13873
-29274,-13884
-29239,-13895
-29203,-13906
-29167,-13916
-29130,-13925
-29091,-13935
-29052,-13943
-29013,-13952
-28972,-13959
-28930,-13967
-28888,-13974
-28845,-13980
-28801,-13986
-28756,-13992
-28711,-13997
-28664,-14001
-28617,-14005
-28569,-14009
-28520,-14012
-28470,-14015
-28420,-14017
-28369,-14019
-28316,-14020
-28263,-14021
-28210,-14021
-28155,-14021
-28100,-14021
-28044,-14019
-27987,-14018
-27929,-14016
-27871,-14013
-27812,-14010
-27752,-14007
-27691,-14003
-27629,-13998
-27567,-13993
-27504,-13988
-27440,-13982
-27375,-13975
-27310,-13968
-27244,-13961
-27177,-13953
-27109,-13944
-27041,-13935
-26972,-13926
-26902,-13916
-26831,-13905
-26760,-13894
-26687,-13883
-26615,-13871
-26541,-13859
-26467,-13846
-26392,-13832
-26316,-13818
-26239,-13804
-26162,-13789
-26084,-13773
-26005,-13757
-25926,-13741
-25846,-13724
-25765,-13706
-25684,-13688
-25601,-13669
-25519,-13650
-25435,-13631
-25351,-13611
-25266,-13590
-25180,-13569
-25094,-13547
-25007,-13525
-24919,-13502
-24831,-13479
-24742,-13455
-24652,-13431
-24562,-13406
-24471,-13381
-24380,-13355
-24287,-13329
-24194,-13302
-24101,-13275
-24007,-13247
-23912,-13219
-23816,-13190
-23720,-13160
-23624,-13130
-23526,-13100
-23428,-13069
-23330,-13037
-23231,-13005
-23131,-12973
-23031,-12940
-22930,-12906
-22828,-12872
-22726,-12837
-22623,-12802
-22520,-12767
-22416,-12730
-22311,-12694
-22206,-12657
-22101,-12619
-21995,-12581
-21888,-12542
-21780,-12502
-21673,-12463
-21564,-12422
-21455,-12382
-21346,-12340
-21236,-12298
-21125,-12256
-21014,-12213
-20902,-12170
-20790,-12126
-20677,-12081
-20564,-12036
-20451,-11991
-20336,-11945
-20222,-11898
-20106,-11851
-19991,-11804
-19875,-11756
-19758,-11707
-19641,-11658
-19523,-11608
-19405,-11558
-19286,-11508
-19167,-11457
-19048,-11405
-18928,-11353
-18807,-11300
-18686,-11247
-18565,-11194
-18443,-11139
-18321,-11085
-18198,-11030
-18075,-10974
-17952,-10918
-17828,-10861
-17704,-10804
-17579,-10747
-17454,-10688
-17328,-10630
-17202,-10571
-17076,-10511
-16949,-10451
-16822,-10390
-16694,-10329
-16566,-10268
-16438,-10206
-16310,-10143
-16181,-10080
-16051,-10017
-15922,-9953
-15791,-9888
-15661,-9823
-15530,-9758
-15399,-9692
-15268,-9626
-15136,-9559
-15004,-9492
-14872,-9424
-14739,-9356
-14606,-9287
-14472,-9218
-14339,-9148
-14205,-9078
-14071,-9007
-13936,-8936
-13801,-8865
-13666,-8793
-13531,-8720
-13395,-8648
-13259,-8574
-13123,-8501
-12987,-8426
-12850,-8352
-12713,-8277
-12576,-8201
-12439,-8125
-12301,-8049
-12163,-7972
-12025,-7894
-11887,-7817
-11748,-7739
-11610,-7660
-11471,-7581
-11332,-7501
-11192,-7422
-11053,-7341
-10913,-7261
-10773,-7179
-10633,-7098
-10493,-7016
-10352,-6933
-10212,-6851
-10071,-6767
-9930,-6684
-9789,-6600
-9648,-6515
-9507,-6430
-9365,-6345
-9223,-6260
-9082,-6174
-8940,-6087
-8798,-6000
-8656,-5913
-8513,-5826
-8371,-5738
-8229,-5649
-8086,-5561
-7944,-5472
-7801,-5382
-7658,-5292
-7515,-5202
-7372,-5111
-7229,-5021
-7086,-4929
-6943,-4838
-6800,-4746
-6657,-4653
-6513,-4560
-6370,-4467
-6227,-4374
-6083,-4280
-5940,-4186
-5796,-4092
-5653,-3997
-5510,-3902
-5366,-3806
-5223,-3711
-5079,-3615
-4936,-3518
-4792,-3421
-4649,-3324
-4505,-3227
-4362,-3129
-4218,-3031
-4075,-2933
-3932,-2835
-3788,-2736
-3645,-2636
-3502,-2537
-3359,-2437
-3216,-2337
-3073,-2237
-2930,-2136
-2787,-2035
-2644,-1934
-2501,-1833
-2359,-1731
-2216,-1629
-2074,-1527
-1931,-1424
-1789,-1321
-1647,-1218
-1505,-1115
-1363,-1012
-1221,-908
-1080,-804
-938,-700
-797,-595
-655,-490
-514,-385
-373,-280
-232,-175
-92,-69
49,37
189,143
329,249
469,356
609,462
749,569
888,676
1028,784
1167,891
1306,999
1444,1107
1583,1215
1721,1323
1859,1431
1997,1540
2134,1648
2272,1757
2409,1866
2546,1976
2683,2085
2819,2194
2955,2304
3091,2414
3227,2524
3362,2634
3497,2744
3632,2854
3767,2965
3901,3076
4035,3186
4169,3297
4303,3408
4436,3519
4569,3630
4701,3741
4834,3853
4966,3964
5097,4076
5229,4187
5360,4299
5490,4411
5621,4523
5751,4635
5881,4747
6010,4859
6139,4971
6268,5083
6396,5195
6524,5307
6652,5420
6779,5532
6906,5645
7032,5757
7159,5869
7284,5982
7410,6095
7535,6207
7660,6320
7784,6432
7908,6545
8031,6657
8154,6770
8277,6883
8399,6995
8521,7108
8643,7220
8764,7333
8884,7445
9004,7558
9124,7670
9244,7783
9362,7895
9481,8007
9599,8120
9717,8232
9834,8344
9950,8456
10067,8568
10182,8680
10298,8792
10413,8904
10527,9016
10641,9128
10754,9240
10867,9351
10980,9463
11092,9574
11203,9685
11314,9796
11425,9907
11535,10018
11645,10129
11754,10240
11862,10351
11970,10461
12078,10571
12185,10682
12291,10792
12397,10902
12503,11011
12608,11121
12712,11230
12816,11340
12920,11449
13023,11558
13125,11667
13227,11775
13328,11884
13429,11992
13529,12100
13628,12208
13727,12316
13826,12424
13924,12531
14021,12638
14118,12745
14214,12852
14310,12958
14405,13064
14500,13170
14594,13276
14687,13382
14780,13487
14872,13592
14964,13697
15055,13802
15146,13906
15236,14010
15325,14114
15414,14218
15502,14321
15590,14424
15676,14527
15763,14630
15849,14732
15934,14834
16018,14935
16102,15037
16186,15138
16268,15239
16350,15339
16432,15439
16513,15539
16593,15639
16673,15738
16752,15837
16830,15935
16908,16034
16985,16132
17062,16229
17137,16326
17213,16423
17287,16520
17361,16616
17435,16712
17507,16807
17579,16902
17651,16997
17722,17092
17792,17186
17861,17279
17930,17372
17998,17465
18066,17558
18133,17650
18199,17741
18264,17833
18329,17924
18394,18014
18457,18104
18520,18194
18582,18283
18644,18372
18705,18460
18765,18548
18825,18635
18884,18723
18942,18809
19000,18895
19057,18981
19113,19066
19169,19151
19224,19236
19278,19320
19332,19403
19384,19486
19437,19569
19488,19651
19539,19732
19589,19813
19639,19894
19688,19974
19736,20054
19784,20133
19830,20212
19877,20290
19922,20367
19967,20444
20011,20521
20054,20597
20097,20673
20139,20748
20181,20823
20221,20897
20261,20970
20301,21043
20339,21116
20377,21187
20415,21259
20451,21330
20487,21400
20522,21470
20557,21539
20591,21607
20624,21676
20656,21743
20688,21810
20719,21876
20750,21942
20779,22007
20808,22072
20837,22136
20864,22200
20891,22262
20918,22325
20943,22387
20968,22448
20993,22508
21016,22568
21039,22627
21061,22686
21083,22744
21104,22802
21124,22859
21143,22915
21162,22971
21180,23026
21197,23080
21214,23134
21230,23187
21245,23240
21260,23292
21274,23343
21288,23394
21300,23444
21312,23493
21323,23542
21334,23590
21344,23637
21353,23684
21362,23730
21370,23775
21377,23820
21384,23864
21389,23908
21395,23951
21399,23993
21403,24034
21406,24075
21409,24115
21411,24154
21412,24193
21413,24231
21413,24269
21412,24305
21410,24341
21408,24377
21406,24411
21402,24445
21398,24478
21393,24511
21388,24543
21382,24574
21375,24604
21368,24634
21360,24663
21352,24691
21342,24719
21332,24746
21322,24772
21311,24797
21299,24822
21286,24846
21273,24870
21260,24892
21245,24914
21230,24935
21215,24955
21198,24975
21181,24994
21164,25012
21146,25030
21127,25046
21108,25062
21088,25078
21067,25092
21046,25106
21024,25119
21001,25131
20978,25143
20955,25154
20930,25164
20905,25173
20880,25182
20854,25189
20827,25196
20800,25203
20772,25208
20743,25213
20714,25217
20685,25220
20654,25223
20624,25225
20592,25226
20560,25226
20527,25225
20494,25224
20461,25222
20426,25219
20391,25216
20356,25211
20320,25206
20283,25200
20246,25194
20208,25186
20170,25178
20131,25169
20092,25160
20052,25149
20011,25138
19970,25126
19929,25113
19887,25099
19844,25085
19801,25070
19757,25054
19713,25037
19668,25020
19622,25002
19577,24983
19530,24963
19483,24942
19436,24921
19388,24899
19339,24876
19291,24852
19241,24828
19191,24803
19141,24777
19090,24750
19038,24722
18986,24694
18934,24665
18881,24635
18827,24604
18773,24573
18719,24541
18664,24508
18609,24474
18553,24439
18497,24404
18440,24368
18383,24331
18325,24293
18267,24255
18208,24216
18149,24176
18090,24135
18030,24093
17969,24051
17908,24008
17847,23964
17785,23920
17723,23874
17661,23828
17598,23781
17534,23733
17470,23685
17406,23636
17341,23586
17276,23535
17211,23484
17145,23431
17078,23378
17012,23324
16945,23270
16877,23215
16809,23158
16741,23102
16672,23044
16603,22986
16534,22926
16464,22867
16394,22806
16323,22745
16252,22683
16181,22620
16109,22556
16037,22492
15965,22427
15892,22361
15819,22294
15746,22227
15672,22159
15598,22090
15523,22020
15449,21950
15374,21879
15298,21807
15222,21735
15146,21661
15070,21587
14993,21513
14916,21437
14839,21361
14762,21284
14684,21207
14605,21128
14527,21049
14448,20970
14369,20889
14290,20808
14210,20726
14130,20644
14050,20560
13970,20476
13889,20392
13808,20306
13727,20220
13646,20134
13564,20046
13482,19958
13400,19869
13317,19780
13235,19689
13152,19598
13069,19507
12985,19415
12902,19322
12818,19228
12734,19134
12649,19039
12565,18943
12480,18847
12395,18750
12310,18652
12225,18554
12140,18455
12054,18356
11968,18255
11882,18155
11796,18053
11710,17951
11623,17848
11536,17745
11449,17641
11362,17536
11275,17431
11188,17325
11100,17218
11012,17111
10925,17003
10837,16895
10749,16786
10660,16676
10572,16566
10483,16455
10395,16343
10306,16231
10217,16119
10128,16005
10039,15892
9950,15777
9861,15662
9771,15547
9682,15430
9592,15314
9502,15196
9413,15078
9323,14960
9233,14841
9143,14722
9053,14601
8963,14481
8872,14360
8782,14238
8692,14116
8601,13993
8511,13869
8420,13745
8330,13621
8239,13496
8148,13371
8058,13245
7967,13118
7876,12991
7785,12864
7695,12736
7604,12607
7513,12478
7422,12349
7331,12219
7240,12088
7149,11957
7059,11826
6968,11694
6877,11562
6786,11429
6695,11296
6604,11162
6513,11028
6423,10893
6332,10758
6241,10622
6150,10486
6060,10350
5969,10213
5878,10076
5788,9938
5697,9800
5607,9661
5517,9522
5426,9383
5336,9243
5246,9103
5156,8963
5066,8822
4976,8680
4886,8539
4796,8397
4706,8254
4616,8111
4527,7968
4437,7825
4348,7681
4259,7536
4169,7392
4080,7247
3991,7101
3902,6956
3814,6810
3725,6663
3636,6517
3548,6370
3460,6223
3372,6075
3284,5927
3196,5779
3108,5630
3020,5482
2933,5333
2846,5183
2758,5034
2671,4884
2584,4733
2498,4583
2411,4432
2325,4281
2239,4130
2153,3979
2067,3827
1981,3675
1895,3523
1810,3370
1725,3218
1640,3065
1555,2912
1471,2758
1386,2605
1302,2451
1218,2297
1134,2143
1051,1989
967,1834
884,1680
801,1525
718,1370
636,1215
553,1059
471,904
389,748
308,593
226,437
145,281
64,124
-16,-32
-97,-188
-177,-345
-257,-502
-337,-658
-416,-815
-496,-972
-575,-1129
-653,-1287
-732,-1444
-810,-1601
-888,-1758
-966,-1916
-1043,-2074
-1120,-2231
-1197,-2389
-1273,-2546
-1350,-2704
-1426,-2862
-1501,-3020
-1577,-3178
-1652,-3336
-1727,-3493
-1802,-3651
-1876,-3809
-1950,-3967
-2024,-4125
-2097,-4283
-2170,-4441
-2243,-4599
-2315,-4757
-2387,-4915
-2459,-5073
-2531,-5230
-2602,-5388
-2673,-5546
-2744,-5704
-2814,-5861
-2884,-6019
-2954,-6176
-3023,-6334
-3092,-6491
-3161,-6648
-3229,-6806
-3297,-6963
-3365,-7120
-3432,-7277
-3499,-7433
-3566,-7590
-3632,-7747
-3698,-7903
-3764,-8060
-3829,-8216
-3894,-8372
-3958,-8528
-4023,-8684
-4086,-8839
-4150,-8995
-4213,-9150
-4276,-9306
-4338,-9461
-4401,-9615
-4462,-9770
-4524,-9925
-4585,-10079
-4645,-10233
-4706,-10387
-4765,-10541
-4825,-10694
-4884,-10848
-4943,-11001
-5001,-11154
-5059,-11306
-5117,-11459
-5174,-11611
-5231,-11763
-5288,-11915
-5344,-12066
-5400,-12217
-5455,-12368
-5510,-12519
-5565,-12669
-5619,-12819
-5673,-12969
-5726,-13119
-5779,-13268
-5832,-13417
-5884,-13566
-5936,-13714
-5988,-13862
-6039,-14010
-6089,-14157
-6140,-14305
-6189,-14451
-6239,-14598
-6288,-14744
-6337,-14890
-6385,-15035
-6433,-15180
-6480,-15325
-6527,-15469
-6574,-15613
-6620,-15757
-6666,-15900
-6712,-16043
-6757,-16186
-6801,-16328
-6845,-16470
-6889,-16611
-6933,-16752
-6976,-16892
-7018,-17032
-7060,-17172
-7102,-17311
-7143,-17450
-7184,-17589
-7225,-17727
-7265,-17864
-7305,-18001
-7344,-18138
-7383,-18274
-7421,-18410
-7459,-18545
-7497,-18680
-7534,-18814
-7571,-18948
-7607,-19082
-7643,-19215
-7678,-19347
-7713,-19479
-7748,-19610
-7782,-19741
-7816,-19872
-7850,-20002
-7883,-20131
-7915,-20260
-7947,-20388
-7979,-20516
-8010,-20643
-8041,-20770
-8072,-20896
-8102,-21022
-8131,-21147
-8160,-21272
-8189,-21396
-8217,-21519
-8245,-21642
-8273,-21765
-8300,-21886
-8327,-22007
-8353,-22128
-8379,-22248
-8404,-22368
-8429,-22486
-8454,-22605
-8478,-22722
-8501,-22839
-8525,-22956
-8548,-23072
-8570,-23187
-8592,-23301
-8614,-23415
-8635,-23529
-8656,-23641
-8676,-23753
-8696,-23865
-8716,-23976
-8735,-24086
-8753,-24195
-8772,-24304
-8790,-24412
-8807,-24520
-8824,-24626
-8841,-24733
-8857,-24838
-8873,-24943
-8888,-25047
-8903,-25150
-8918,-25253
-8932,-25355
-8946,-25457
-8959,-25557
-8972,-25657
-8985,-25757
-8997,-25855
-9008,-25953
-9020,-26050
-9031,-26147
-9041,-26242
-9051,-26337
-9061,-26431
-9070,-26525
-9079,-26618
-9088,-26710
-9096,-26801
-9104,-26892
-9111,-26981
-9118,-27071
-9125,-27159
-9131,-27246
-9137,-27333
-9142,-27419
-9147,-27504
-9152,-27589
-9156,-27673
-9160,-27756
-9163,-27838
-9166,-27919
-9169,-28000
-9171,-28079
-9173,-28158
-9174,-28237
-9176,-28314
-9176,-28391
-9177,-28467
-9177,-28542
-9176,-28616
-9176,-28689
-9175,-28762
-9173,-28834
-9171,-28905
-9169,-28975
-9167,-29044
-9164,-29113
-9160,-29180
-9157,-29247
-9153,-29313
-9148,-29378
-9144,-29443
-9139,-29506
-9133,-29569
-9127,-29631
-9121,-29692
-9115,-29752
-9108,-29811
-9101,-29869
-9093,-29927
-9085,-29984
-9077,-30040
-9068,-30095
-9059,-30149
-9050,-30202
-9041,-30254
-9031,-30306
-9021,-30357
-9010,-30406
-8999,-30455
-8988,-30503
-8976,-30550
-8964,-30597
-8952,-30642
-8940,-30687
-8927,-30730
-8914,-30773
-8900,-30815
-8886,-30856
-8872,-30896
-8858,-30935
-8843,-30973
-8828,-31011
-8813,-31047
-8797,-31083
-8781,-31117
-8765,-31151
-8748,-31184
-8731,-31216
-8714,-31247
-8697,-31277
-8679,-31306
-8661,-31335
-8643,-31362
-8624,-31388
-8605,-31414
-8586,-31439
-8566,-31462
-8547,-31485
-8527,-31507
-8506,-31528
-8486,-31548
-8465,-31567
-8444,-31586
-8423,-31603
-8401,-31619
-8379,-31635
-8357,-31649
-8335,-31663
-8312,-31675
-8289,-31687
-8266,-31698
-8243,-31708
-8219,-31717
-8195,-31725
-8171,-31732
-8147,-31738
-8122,-31743
-8097,-31747
-8072,-31751
-8047,-31753
-8021,-31755
-7995,-31755
-7969,-31755
-7943,-31753
-7917,-31751
-7890,-31748
-7863,-31744
-7836,-31739
-7809,-31733
-7781,-31726
-7754,-31718
-7726,-31709
-7698,-31699
-7669,-31688
-7641,-31677
-7612,-31664
-7583,-31651
-7554,-31636
-7525,-31621
-7495,-31604
-7465,-31587
-7436,-31569
-7405,-31550
-7375,-31529
-7345,-31508
-7314,-31486
-7283,-31464
-7253,-31440
-7221,-31415
-7190,-31389
-7159,-31363
-7127,-31335
-7095,-31306
-7064,-31277
-7032,-31247
-6999,-31215
-6967,-31183
-6935,-31150
-6902,-31116
-6869,-31081
-6836,-31045
-6803,-31008
-6770,-30970
-6737,-30931
-6703,-30892
-6670,-30851
-6636,-30809
-6602,-30767
-6568,-30724
-6534,-30679
-6500,-30634
-6466,-30588
-6431,-30541
-6397,-30493
-6362,-30444
-6327,-30394
-6292,-30344
-6258,-30292
-6222,-30240
-6187,-30186
-6152,-30132
-6117,-30077
-6081,-30021
-6046,-29964
-6010,-29906
-5975,-29847
-5939,-29787
-5903,-29726
-5867,-29665
-5831,-29603
-5795,-29539
-5759,-29475
-5723,-29410
-5687,-29344
-5651,-29277
-5615,-29209
-5578,-29141
-5542,-29071
-5505,-29001
-5469,-28930
-5432,-28858
-5396,-28785
-5359,-28711
-5322,-28636
-5286,-28561
-5249,-28484
-5212,-28407
-5175,-28329
-5138,-28250
-5102,-28170
-5065,-28089
-5028,-28007
-4991,-27925
-4954,-27842
-4917,-27758
-4880,-27673
-4843,-27587
-4806,-27500
-4769,-27413
-4732,-27324
-4695,-27235
-4659,-27145
-4622,-27055
-4585,-26963
-4548,-26871
-4511,-26777
-4474,-26683
-4437,-26588
-4400,-26493
-4363,-26396
-4327,-26299
-4290,-26201
-4253,-26102
-4216,-26003
-4180,-25902
-4143,-25801
-4107,-25699
-4070,-25596
-4033,-25493
-3997,-25388
-3961,-25283
-3924,-25177
-3888,-25070
-3852,-24963
-3815,-24855
-3779,-24746
-3743,-24636
-3707,-24526
-3671,-24415
-3635,-24303
-3599,-24190
-3564,-24077
-3528,-23962
-3492,-23848
-3457,-23732
-3421,-23616
-3386,-23499
-3351,-23381
-3316,-23262
-3281,-23143
-3246,-23023
-3211,-22903
-3176,-22781
-3141,-22659
-3106,-22537
-3072,-22413
-3038,-22289
-3003,-22164
-2969,-22039
-2935,-21913
-2901,-21786
-2867,-21659
-2833,-21530
-2800,-21402
-2766,-21272
-2733,-21142
-2699,-21011
-2666,-20880
-2633,-20748
-2600,-20615
-2568,-20482
-2535,-20348
-2502,-20214
-2470,-20079
-2438,-19943
-2406,-19806
-2374,-19669
-2342,-19532
-2310,-19394
-2279,-19255
-2247,-19115
-2216,-18976
-2185,-18835
-2154,-18694
-2124,-18552
-2093,-18410
-2063,-18267
-2032,-18124
-2002,-17980
-1972,-17835
-1942,-17690
-1913,-17544
-1883,-17398
-1854,-17252
-1825,-17104
-1796,-16957
-1767,-16808
-1739,-16660
-1710,-16510
-1682,-16360
-1654,-16210
-1626,-16059
-1599,-15908
-1571,-15756
-1544,-15604
-1517,-15451
-1490,-15298
-1463,-15144
-1437,-14990
-1411,-14835
-1384,-14680
-1358,-14524
-1333,-14368
-1307,-14212
-1282,-14055
-1257,-13898
-1232,-13740
-1207,-13582
-1183,-13423
-1159,-13264
-1134,-13105
-1111,-12945
-1087,-12785
-1064,-12624
-1040,-12463
-1017,-12301
-995,-12140
-972,-11977
-950,-11815
-928,-11652
-906,-11489
-884,-11325
-863,-11161
-842,-10997
-821,-10832
-800,-10667
-779,-10501
-759,-10336
-739,-10170
-719,-10003
-700,-9837
-680,-9670
-661,-9502
-642,-9335
-624,-9167
-605,-8999
-587,-8830
-569,-8662
-552,-8493
-534,-8324
-517,-8154
-500,-7984
-484,-7814
-467,-7644
-451,-7474
-435,-7303
-419,-7132
-404,-6961
-389,-6789
-374,-6618
-359,-6446
-345,-6274
-331,-6102
-317,-5929
-303,-5757
-290,-5584
-277,-5411
-264,-5238
-251,-5064
-239,-4891
-227,-4717
-215,-4543
-203,-4369
-192,-4195
-181,-4021
-170,-3847
-160,-3672
-149,-3498
-139,-3323
-129,-3148
-120,-2973
-111,-2798
-102,-2623
-93,-2448
-85,-2273
-77,-2097
-69,-1922
-61,-1747
-54,-1571
-47,-1395
-40,-1220
-33,-1044
-27,-868
-21,-693
-15,-517
-10,-341
-5,-165
0,11
5,187
9,363
13,538
17,714
21,890
24,1066
27,1242
30,1417
32,1593
35,1769
37,1944
38,2120
40,2296
41,2471
42,2646
42,2822
43,2997
43,3172
43,3347
42,3522
41,3697
40,3872
39,4047
38,4221
36,4395
34,4570
31,4744
29,4918
26,5092
23,5266
19,5439
15,5613
12,5786
7,5959
3,6132
-2,6305
-7,6477
-12,6649
-18,6822
-24,6994
-30,7165
-36,7337
-43,7508
-50,7679
-57,7850
-64,8021
-72,8191
-80,8361
-88,8531
-96,8701
-105,8870
-114,9039
-123,9208
-132,9377
-142,9545
-152,9713
-162,9881
-173,10048
-183,10215
-194,10382
-206,10549
-217,10715
-229,10881
-241,11046
-253,11212
-265,11377
-278,11541
-291,11705
-304,11869
-318,12033
-331,12196
-345,12359
-359,12521
-374,12683
-388,12845
-403,13006
-418,13167
-434,13327
-449,13487
-465,13647
-481,13806
-497,13965
-514,14124
-531,14282
-547,14439
-565,14596
-582,14753
-600,14909
-617,15065
-636,15220
-654,15375
-672,15530
-691,15684
-710,15837
-729,15990
-748,16143
-768,16295
-788,16446
-808,16598
-828,16748
-848,16898
-869,17048
-890,17197
-911,17345
-932,17493
-954,17641
-975,17788
-997,17934
-1019,18080
-1041,18225
-1064,18370
-1086,18514
-1109,18658
-1132,18801
-1155,18944
-1179,19086
-1202,19227
-1226,19368
-1250,19508
-1274,19648
-1298,19787
-1322,19925
-1347,20063
-1372,20200
-1397,20337
-1422,20473
-1447,20609
-1473,20743
-1498,20877
-1524,21011
-1550,21144
-1576,21276
-1602,21408
-1629,21539
-1655,21669
-1682,21799
-1709,21928
-1736,22056
-1763,22184
-1790,22311
-1818,22437
-1846,22563
-1873,22688
-1901,22812
-1929,22936
-1957,23059
-1986,23181
-2014,23303
-2043,23424
-2071,23544
-2100,23663
-2129,23782
-2158,23900
-2187,24017
-2216,24134
-2246,24250
-2275,24365
-2305,24479
-2335,24593
-2365,24706
-2395,24818
-2425,24929
-2455,25040
-2485,25150
-2515,25259
-2546,25367
-2576,25475
-2607,25582
-2638,25688
-2668,25793
-2699,25898
-2730,26001
-2761,26104
-2793,26207
-2824,26308
-2855,26409
-2886,26509
-2918,26608
-2949,26706
-2981,26803
-3013,26900
-3044,26996
-3076,27091
-3108,27185
-3140,27278
-3172,27371
-3204,27462
-3236,27553
-3268,27643
-3300,27733
-3332,27821
-3364,27909
-3396,27995
-3429,28081
-3461,28166
-3493,28251
-3526,28334
-3558,28417
-3591,28498
-3623,28579
-3656,28659
-3688,28738
-3721,28816
-3753,28894
-3786,28970
-3818,29046
-3851,29121
-3883,29194
-3916,29268
-3948,29340
-3981,29411
-4013,29481
-4046,29551
-4079,29619
-4111,29687
-4144,29754
-4176,29820
-4209,29885
-4241,29949
-4273,30012
-4306,30075
-4338,30136
-4371,30197
-4403,30257
-4435,30315
-4468,30373
-4500,30430
-4532,30486
-4564,30541
-4596,30596
-4628,30649
-4660,30701
-4692,30753
-4724,30803
-4756,30853
-4788,30902
-4819,30950
-4851,30996
-4883,31042
-4914,31087
-4946,31132
-4977,31175
-5008,31217
-5040,31258
-5071,31299
-5102,31338
-5133,31377
-5164,31414
-5194,31451
-5225,31487
-5256,31521
-5286,31555
-5317,31588
-5347,31620
-5377,31651
-5407,31681
-5437,31711
-5467,31739
-5497,31766
-5527,31792
-5556,31818
-5586,31842
-5615,31866
-5644,31888
-5673,31910
-5702,31930
-5731,31950
-5760,31969
-5788,31987
-5817,32004
-5845,32020
-5873,32035
-5901,32049
-5929,32062
-5957,32074
-5984,32085
-6012,32095
-6039,32105
-6066,32113
-6093,32120
-6120,32127
-6146,32132
-6173,32137
-6199,32140
-6225,32143
-6251,32145
-6277,32146
-6302,32145
-6328,32144
-6353,32142
-6378,32139
-6403,32135
-6427,32130
-6452,32125
-6476,32118
-6500,32110
-6524,32101
-6548,32092
-6571,32081
-6594,32070
-6617,32057
-6640,32044
-6663,32029
-6685,32014
-6708,31998
-6730,31981
-6751,31963
-6773,31944
-6794,31924
-6815,31903
-6836,31881
-6857,31858
-6878,31834
-6898,31810
-6918,31784
-6937,31758
-6957,31730
-6976,31702
-6995,31673
-7014,31643
-7033,31612
-7051,31580
-7069,31547
-7087,31513
-7104,31478
-7122,31442
-7139,31406
-7155,31368
-7172,31330
-7188,31290
-7204,31250
-7220,31209
-7235,31167
-7251,31124
-7266,31080
-7280,31035
-7295,30990
-7309,30943
-7322,30896
-7336,30847
-7349,30798
-7362,30748
-7375,30697
-7387,30645
-7399,30592
-7411,30539
-7423,30484
-7434,30429
-7445,30372
-7456,30315
-7466,30257
-7476,30198
-7486,30138
-7495,30078
-7504,30016
-7513,29954
-7522,29891
-7530,29827
-7538,29762
-7545,29696
-7552,29629
-7559,29562
-7566,29493
-7572,29424
-7578,29354
-7584,29283
-7589,29211
-7594,29139
-7599,29066
-7603,28991
-7607,28916
-7611,28841
-7615,28764
-7618,28686
-7620,28608
-7623,28529
-7625,28449
-7626,28368
-7628,28287
-7629,28205
-7629,28121
-7630,28038
-7630,27953
-7629,27867
-7629,27781
-7628,27694
-7626,27606
-7624,27518
-7622,27428
-7620,27338
-7617,27247
-7614,27155
-7610,27063
-7606,26970
-7602,26876
-7598,26781
-7593,26685
-7587,26589
-7582,26492
-7576,26395
-7569,26296
-7562,26197
-7555,26097
-7548,25996
-7540,25895
-7532,25793
-7523,25690
-7514,25587
-7505,25483
-7495,25378
-7485,25272
-7474,25166
-7463,25059
-7452,24951
-7441,24843
-7429,24734
-7416,24624
-7403,24513
-7390,24402
-7377,24291
-7363,24178
-7349,24065
-7334,23951
-7319,23837
-7304,23722
-7288,23606
-7272,23490
-7255,23373
-7238,23255
-7221,23137
-7203,23018
-7185,22899
-7166,22779
-7148,22658
-7128,22537
-7109,22415
-7089,22292
-7068,22169
-7047,22045
-7026,21921
-7005,21796
-6983,21671
-6960,21545
-6937,21418
-6914,21291
-6891,21163
-6867,21035
-6842,20906
-6818,20776
-6793,20646
-6767,20516
-6741,20385
-6715,20253
-6688,20121
-6661,19988
-6634,19855
-6606,19721
-6578,19587
-6549,19452
-6520,19317
-6491,19181
-6461,19045
-6431,18908
-6400,18771
-6369,18633
-6338,18495
-6306,18357
-6274,18218
-6241,18078
-6208,17938
-6175,17797
-6141,17656
-6107,17515
-6072,17373
-6038,17231
-6002,17088
-5967,16945
-5931,16801
-5894,16658
-5857,16513
-5820,16368
-5782,16223
-5744,16077
-5706,15931
-5667,15785
-5628,15638
-5589,15491
-5549,15344
-5508,15196
-5468,15047
-5427,14899
-5385,14750
-5343,14600
-5301,14451
-5258,14301
-5215,14150
-5172,14000
-5128,13849
-5084,13697
-5040,13546
-4995,13394
-4950,13241
-4904,13089
-4858,12936
-4812,12782
-4765,12629
-4718,12475
-4671,12321
-4623,12167
-4575,12012
-4526,11857
-4477,11702
-4428,11547
-4378,11391
-4328,11235
-4278,11079
-4227,10923
-4176,10766
-4124,10609
-4073,10452
-4020,10295
-3968,10138
-3915,9980
-3862,9822
-3808,9664
-3754,9506
-3700,9347
-3645,9189
-3590,9030
-3535,8871
-3479,8712
-3423,8553
-3367,8393
-3310,8234
-3253,8074
-3196,7914
-3138,7754
-3080,7594
-3022,7434
-2963,7273
-2904,7113
-2845,6952
-2785,6791
-2725,6631
-2665,6470
-2604,6309
-2543,6148
-2482,5986
-2420,5825
-2358,5664
-2296,5502
-2234,5341
-2171,5180
-2107,5018
-2044,4856
-1980,4695
-1916,4533
-1852,4371
-1787,4210
-1722,4048
-1657,3886
-1591,3725
-1525,3563
-1459,3401
-1393,3239
-1326,3078
-1259,2916
-1192,2754
-1124,2592
-1056,2431
-988,2269
-920,2108
-851,1946
-782,1785
-713,1623
-643,1462
-573,1300
-503,1139
-433,978
-362,817
-292,656
-221,495
-149,334
-78,174
-6,13
66,-147
139,-308
211,-468
284,-628
357,-788
430,-948
504,-1108
577,-1267
651,-1427
726,-1586
800,-1745
875,-1904
949,-2063
1025,-2221
1100,-2380
1175,-2538
1251,-2696
1327,-2854
1403,-3012
1479,-3169
1556,-3326
1633,-3484
1710,-3640
1787,-3797
1864,-3953
1941,-4110
2019,-4265
2097,-4421
2175,-4577
2253,-4732
2331,-4887
2410,-5041
2489,-5196
2568,-5350
2647,-5504
2726,-5657
2805,-5811
2885,-5964
2964,-6116
3044,-6269
3124,-6421
3204,-6573
3285,-6724
3365,-6876
3446,-7027
3526,-7177
3607,-7327
3688,-7477
3769,-7627
3850,-7776
3931,-7925
4013,-8074
4094,-8222
4176,-8370
4258,-8517
4340,-8664
4422,-8811
4504,-8957
4586,-9103
4668,-9249
4750,-9394
4833,-9539
4915,-9683
4998,-9827
5081,-9971
5163,-10114
5246,-10257
5329,-10400
5412,-10542
5495,-10683
5578,-10824
5661,-10965
5745,-11105
5828,-11245
5911,-11384
5994,-11523
6078,-11662
6161,-11800
6245,-11937
6328,-12074
6412,-12211
6495,-12347
6579,-12483
6663,-12618
6746,-12753
6830,-12887
6914,-13020
6997,-13154
7081,-13286
7165,-13419
7248,-13550
7332,-13681
7416,-13812
7499,-13942
7583,-14072
7667,-14201
7750,-14330
7834,-14458
7917,-14585
8001,-14712
8084,-14839
8168,-14964
8251,-15090
8335,-15215
8418,-15339
8501,-15462
8585,-15586
8668,-15708
8751,-15830
8834,-15951
8917,-16072
9000,-16192
9083,-16312
9166,-16431
9248,-16550
9331,-16667
9414,-16785
9496,-16901
9578,-17017
9661,-17133
9743,-17248
9825,-17362
9907,-17476
9989,-17589
10071,-17701
10152,-17813
10234,-17924
10315,-18034
10397,-18144
10478,-18253
10559,-18362
10640,-18470
10721,-18577
10801,-18684
10882,-18790
10962,-18895
11042,-19000
11123,-19104
11202,-19207
11282,-19310
11362,-19412
11441,-19513
11520,-19614
11600,-19714
11678,-19813
11757,-19912
11836,-20010
11914,-20107
11992,-20204
12070,-20300
12148,-20395
12226,-20490
12303,-20583
12380,-20676
12457,-20769
12534,-20861
12611,-20952
12687,-21042
12763,-21132
12839,-21220
12915,-21309
12990,-21396
13065,-21483
13140,-21569
13215,-21654
13290,-21739
13364,-21822
13438,-21905
13511,-21988
13585,-22069
13658,-22150
13731,-22230
13804,-22310
13876,-22389
13948,-22467
14020,-22544
14092,-22620
14163,-22696
14234,-22771
14305,-22845
14376,-22918
14446,-22991
14516,-23063
14585,-23134
14654,-23205
14723,-23274
14792,-23343
14860,-23411
14928,-23479
14996,-23545
15064,-23611
15131,-23676
15197,-23740
15264,-23804
15330,-23866
15396,-23928
15461,-23990
15526,-24050
15591,-24110
15655,-24168
15719,-24227
15783,-24284
15846,-24340
15909,-24396
15971,-24451
16034,-24505
16095,-24558
16157,-24611
16218,-24663
16279,-24714
16339,-24764
16399,-24813
16458,-24862
16518,-24910
16576,-24957
16635,-25003
16693,-25048
16750,-25093
16807,-25137
16864,-25180
16920,-25222
16976,-25264
17032,-25304
17087,-25344
17142,-25383
17196,-25422
17250,-25459
17303,-25496
17356,-25531
17409,-25567
17461,-25601
17512,-25634
17563,-25667
17614,-25699
17664,-25730
17714,-25760
17764,-25789
17813,-25818
17861,-25846
17909,-25873
17957,-25899
18004,-25924
18050,-25949
18096,-25973
18142,-25996
18187,-26018
18232,-26039
18276,-26060
18320,-26080
18363,-26099
18406,-26117
18448,-26134
18490,-26151
18531,-26167
18572,-26182
18612,-26196
18652,-26209
18691,-26222
18730,-26233
18768,-26244
18806,-26255
18843,-26264
18880,-26273
18916,-26280
18952,-26287
18987,-26293
19021,-26299
19055,-26303
19089,-26307
19122,-26310
19154,-26312
19186,-26314
19218,-26314
19248,-26314
19279,-26313
19309,-26312
19338,-26309
19366,-26306
19394,-26302
19422,-26297
19449,-26291
19475,-26285
19501,-26277
19527,-26269
19551,-26260
19576,-26251
19599,-26240
19622,-26229
19645,-26217
19667,-26205
19688,-26191
19709,-26177
19729,-26162
19748,-26146
19767,-26130
19786,-26112
19804,-26094
19821,-26075
19837,-26056
19853,-26035
19869,-26014
19884,-25992
19898,-25970
19912,-25946
19925,-25922
19937,-25897
19949,-25872
19960,-25845
19971,-25818
19981,-25790
19991,-25762
20000,-25732
20008,-25702
20015,-25671
20022,-25640
20029,-25607
20035,-25574
20040,-25541
20044,-25506
20048,-25471
20052,-25435
20054,-25398
20056,-25361
20058,-25323
20059,-25284
20059,-25244
20058,-25204
20057,-25163
20055,-25121
20053,-25079
20050,-25036
20047,-24992
20042,-24948
20038,-24902
20032,-24856
20026,-24810
20019,-24763
20012,-24715
20004,-24666
19995,-24617
19986,-24567
19976,-24516
19965,-24465
19954,-24413
19942,-24360
19929,-24306
19916,-24252
19902,-24198
19888,-24142
19873,-24086
19857,-24030
19840,-23972
19823,-23914
19806,-23856
19787,-23796
19768,-23736
19749,-23676
19728,-23615
19707,-23553
19686,-23490
19663,-23427
19640,-23363
19617,-23299
19593,-23234
19568,-23168
19542,-23102
19516,-23035
19489,-22968
19462,-22900
19433,-22831
19405,-22762
19375,-22692
19345,-22622
19314,-22551
19283,-22479
19251,-22407
19218,-22334
19185,-22261
19150,-22187
19116,-22112
19080,-22037
19044,-21961
19008,-21885
18970,-21808
18932,-21731
18894,-21653
18854,-21575
18815,-21496
18774,-21416
18733,-21336
18691,-21255
18648,-21174
18605,-21093
18561,-21010
18517,-20928
18471,-20844
18426,-20760
18379,-20676
18332,-20591
18284,-20506
18236,-20420
18187,-20334
18137,-20247
18087,-20160
18036,-20072
17984,-19984
17932,-19895
17879,-19806
17826,-19716
17771,-19626
17717,-19535
17661,-19444
17605,-19352
17548,-19260
17491,-19167
17433,-19074
17374,-18981
17315,-18887
17255,-18793
17194,-18698
17133,-18603
17071,-18507
17009,-18411
16946,-18315
16882,-18218
16818,-18120
16753,-18023
16687,-17925
16621,-17826
16554,-17727
16487,-17628
16419,-17528
16350,-17428
16281,-17327
16211,-17226
16140,-17125
16069,-17023
15997,-16921
15925,-16819
15852,-16716
15778,-16613
15704,-16510
15629,-16406
15554,-16302
15478,-16197
15402,-16092
15324,-15987
15247,-15882
15168,-15776
15089,-15670
15010,-15563
14930,-15456
14849,-15349
14768,-15242
14686,-15134
14603,-15026
14520,-14918
14437,-14809
14353,-14700
14268,-14591
14182,-14481
14097,-14372
14010,-14261
13923,-14151
13836,-14041
13747,-13930
13659,-13819
13569,-13707
13480,-13596
13389,-13484
13298,-13372
13207,-13259
13115,-13147
13022,-13034
12929,-12921
12836,-12808
12741,-12694
12647,-12581
12551,-12467
12456,-12353
12359,-12238
12263,-12124
12165,-12009
12067,-11894
11969,-11779
11870,-11664
11771,-11549
11671,-11433
11570,-11317
11469,-11202
11368,-11085
11266,-10969
11164,-10853
11061,-10736
10957,-10620
10853,-10503
10749,-10386
10644,-10269
10539,-10151
10433,-10034
10327,-9917
10220,-9799
10113,-9681
10005,-9564
9897,-9446
9788,-9328
9679,-9210
9570,-9091
9460,-8973
9349,-8855
9238,-8736
9127,-8618
9015,-8499
8903,-8380
8790,-8262
8677,-8143
8564,-8024
8450,-7905
8336,-7786
8221,-7667
8106,-7548
7990,-7429
7874,-7310
7758,-7191
7641,-7072
7524,-6953
7406,-6833
7288,-6714
7170,-6595
7051,-6476
6932,-6357
6812,-6237
6692,-6118
6572,-5999
6452,-5880
6331,-5761
6209,-5642
6087,-5522
5965,-5403
5843,-5284
5720,-5165
5597,-5046
5474,-4927
5350,-4809
5226,-4690
5101,-4571
4976,-4452
4851,-4334
4726,-4215
4600,-4097
4474,-3978
4348,-3860
4221,-3742
4094,-3624
3967,-3505
3839,-3388
3712,-3270
3583,-3152
3455,-3034
3326,-2917
3197,-2799
3068,-2682
2939,-2565
2809,-2448
2679,-2331
2549,-2214
2418,-2097
2287,-1981
2156,-1865
2025,-1748
1893,-1632
1762,-1516
1630,-1401
1498,-1285
1365,-1170
1233,-1054
1100,-939
967,-824
834,-710
700,-595
567,-481
433,-367
299,-253
165,-139
30,-25
-104,88
-239,201
-374,314
-509,427
-644,539
-780,651
-915,763
-1051,875
-1187,987
-1322,1098
-1458,1209
-1595,1320
-1731,1431
-1867,1541
-2004,1651
-2141,1761
-2277,1871
-2414,1980
-2551,2089
-2688,2198
-2825,2306
-2963,2415
-3100,2523
-3237,2630
-3375,2738
-3513,2845
-3650,2952
-3788,3058
-3926,3165
-4063,3270
-4201,3376
-4339,3481
-4477,3586
-4615,3691
-4753,3796
-4891,3900
-5029,4003
-5167,4107
-5305,4210
-5443,4313
-5581,4415
-5719,4517
-5857,4619
-5995,4720
-6133,4821
-6271,4922
-6409,5022
-6547,5122
-6685,5222
-6823,5321
-6961,5420
-7099,5519
-7237,5617
-7374,5715
-7512,5812
-7650,5909
-7787,6006
-7924,6103
-8062,6198
-8199,6294
-8336,6389
-8473,6484
-8611,6578
-8747,6672
-8884,6766
-9021,6859
-9158,6952
-9294,7044
-9430,7136
-9567,7228
-9703,7319
-9839,7410
-9975,7500
-10110,7590
-10246,7679
-10381,7768
-10516,7857
-10652,7945
-10786,8033
-10921,8120
-11056,8207
-11190,8294
-11324,8380
-11458,8465
-11592,8550
-11726,8635
-11859,8719
-11992,8803
-12125,8886
-12258,8969
-12391,9052
-12523,9134
-12655,9215
-12787,9296
-12919,9377
-13050,9457
-13181,9537
-13312,9616
-13443,9694
-13573,9773
-13703,9850
-13833,9928
-13963,10004
-14092,10081
-14221,10157
-14350,10232
-14478,10307
-14607,10381
-14734,10455
-14862,10528
-14989,10601
-15116,10674
-15243,10746
-15369,10817
-15495,10888
-15621,10958
-15746,11028
-15871,11098
-15996,11166
-16120,11235
-16244,11303
-16368,11370
-16491,11437
-16614,11503
-16736,11569
-16858,11634
-16980,11699
-17101,11764
-17222,11827
-17343,11891
-17463,11953
-17583,12016
-17702,12077
-17821,12138
-17940,12199
-18058,12259
-18176,12319
-18293,12378
-18410,12436
-18527,12494
-18643,12552
-18758,12609
-18873,12665
-18988,12721
-19102,12776
-19216,12831
-19330,12885
-19442,12939
-19555,12992
-19667,13045
-19778,13097
-19889,13149
-20000,13200
-20110,13250
-20219,13300
-20328,13349
-20437,13398
-20545,13447
-20652,13494
-20759,13542
-20866,13588
-20972,13634
-21077,13680
-21182,13725
-21287,13769
-21391,13813
-21494,13857
-21597,13900
-21699,13942
-21801,13984
-21902,14025
-22002,14065
-22103,14106
-22202,14145
-22301,14184
-22399,14223
-22497,14260
-22594,14298
-22691,14334
-22787,14371
-22882,14406
-22977,14441
-23071,14476
-23165,14510
-23258,14544
-23350,14576
-23442,14609
-23534,14641
-23624,14672
-23714,14702
-23803,14733
-23892,14762
-23980,14791
-24068,14820
-24155,14848
-24241,14875
-24326,14902
-24411,14928
-24496,14954
-24579,14979
-24662,15004
-24744,15028
-24826,15051
-24907,15074
-24987,15097
-25067,15119
-25146,15140
-25224,15161
-25302,15181
-25379,15201
-25455,15220
-25530,15238
-25605,15256
-25679,15274
-25753,15291
-25825,15307
-25897,15323
-25969,15338
-26039,15353
-26109,15367
-26179,15381
-26247,15394
-26315,15407
-26382,15419
-26448,15430
-26514,15441
-26578,15452
-26643,15462
-26706,15471
-26769,15480
-26830,15488
-26892,15496
-26952,15504
-27012,15510
-27070,15517
-27129,15522
-27186,15527
-27243,15532
-27298,15536
-27353,15540
-27408,15543
-27461,15545
-27514,15547
-27566,15549
-27617,15550
-27668,15550
-27717,15550
-27766,15550
-27814,15549
-27862,15547
-27908,15545
-27954,15542
-27999,15539
-28043,15536
-28086,15531
-28129,15527
-28171,15522
-28212,15516
-28252,15510
-28291,15503
-28330,15496
-28367,15488
-28404,15480
-28440,15472
-28475,15463
-28510,15453
-28544,15443
-28576,15432
-28608,15421
-28639,15410
-28670,15398
-28699,15385
-28728,15372
-28756,15359
-28783,15345
-28809,15330
-28834,15315
-28859,15300
-28882,15284
-28905,15268
-28927,15251
-28948,15234
-28969,15216
-28988,15198
-29007,15180
-29024,15160
-29041,15141
-29057,15121
-29072,15101
-29087,15080
-29100,15058
-29113,15037
-29125,15014
-29136,14992
-29146,14969
-29155,14945
-29163,14921
-29171,14897
-29177,14872
-29183,14847
-29188,14821
-29192,14795
-29195,14768
-29197,14741
-29199,14714
-29199,14686
-29199,14658
-29198,14629
-29196,14600
-29193,14571
-29189,14541
-29185,14511
-29179,14480
-29173,14449
-29165,14418
-29157,14386
-29148,14354
-29138,14321
-29128,14288
-29116,14255
-29103,14221
-29090,14187
-29076,14152
-29061,14117
-29045,14082
-29028,14046
-29010,14010
-28991,13974
-28972,13937
-28952,13900
-28930,13862
-28908,13825
-28885,13786
-28861,13748
-28837,13709
-28811,13670
-28785,13630
-28757,13590
-28729,13550
-28700,13509
-28670,13468
-28639,13427
-28607,13385
-28575,13343
-28541,13301
-28507,13258
-28472,13216
-28436,13172
-28399,13129
-28361,13085
-28322,13041
-28283,12996
-28242,12951
-28201,12906
-28159,12861
-28116,12815
-28072,12769
-28027,12723
-27981,12676
-27935,12629
-27888,12582
-27839,12535
-27790,12487
-27740,12439
-27690,12391
-27638,12342
-27585,12293
-27532,12244
-27478,12195
-27423,12145
-27367,12096
-27310,12046
-27253,11995
-27194,11945
-27135,11894
-27075,11843
-27014,11791
-26952,11740
-26889,11688
-26826,11636
-26762,11584
-26696,11531
-26630,11478
-26564,11425
-26496,11372
-26427,11319
-26358,11265
-26288,11211
-26217,11157
-26145,11103
-26073,11049
-25999,10994
-25925,10939
-25850,10884
-25774,10829
-25697,10773
-25620,10718
-25541,10662
-25462,10606
-25382,10550
-25302,10494
-25220,10437
-25138,10381
-25055,10324
-24971,10267
-24886,10210
-24800,10152
-24714,10095
-24627,10037
-24539,9980
-24451,9922
-24361,9864
-24271,9805
-24180,9747
-24088,9689
-23996,9630
-23902,9571
-23808,9513
-23714,9454
-23618,9394
-23522,9335
-23425,9276
-23327,9216
-23228,9157
-23129,9097
-23029,9038
-22928,8978
-22826,8918
-22724,8858
-22621,8798
-22517,8737
-22413,8677
-22307,8617
-22202,8556
-22095,8496
-21988,8435
-21879,8374
-21771,8313
-21661,8253
-21551,8192
-21440,8131
-21328,8070
-21216,8009
-21103,7947
-20989,7886
-20875,7825
-20760,7764
-20644,7702
-20528,7641
-20411,7580
-20293,7518
-20174,7457
-20055,7395
-19936,7334
-19815,7272
-19694,7211
-19572,7149
-19450,7087
-19327,7026
-19203,6964
-19079,6902
-18954,6841
-18829,6779
-18702,6718
-18576,6656
-18448,6594
-18320,6533
-18191,6471
-18062,6410
-17932,6348
-17802,6286
-17671,6225
-17539,6163
-17407,6102
-17274,6041
-17141,5979
-17007,5918
-16872,5856
-16737,5795
-16601,5734
-16465,5673
-16328,5612
-16191,5550
-16053,5489
-15914,5428
-15775,5368
-15636,5307
-15496,5246
-15355,5185
-15214,5124
-15072,5064
-14930,5003
-14787,4943
-14644,4883
-14500,4822
-14356,4762
-14212,4702
-14066,4642
-13921,4582
-13774,4522
-13628,4463
-13481,4403
-13333,4343
-13185,4284
-13036,4225
-12887,4165
-12738,4106
-12588,4047
-12438,3988
-12287,3930
-12136,3871
-11984,3813
-11832,3754
-11679,3696
-11526,3638
-11373,3580
-11219,3522
-11065,3464
-10911,3407
-10756,3349
-10600,3292
-10445,3235
-10288,3178
-10132,3121
-9975,3064
-9818,3008
-9660,2951
-9502,2895
-9344,2839
-9185,2783
-9026,2727
-8867,2672
-8707,2616
-8547,2561
-8387,2506
-8226,2451
-8065,2397
-7904,2342
-7742,2288
-7580,2234
-7418,2180
-7256,2126
-7093,2072
-6930,2019
-6766,1966
-6603,1913
-6439,1860
-6275,1807
-6110,1755
-5946,1702
-5781,1650
-5616,1599
-5450,1547
-5285,1496
-5119,1444
-4953,1393
-4786,1343
-4620,1292
-4453,1242
-4286,1192
-4119,1142
-3952,1092
-3784,1043
-3617,994
-3449,945
-3281,896
-3113,848
-2944,799
-2776,751
-2607,703
-2438,656
-2269,609
-2100,561
-1931,515
-1762,468
-1592,422
-1423,376
-1253,330
-1083,284
-913,239
-743,194
-573,149
-403,104
-233,60
-63,16
108,-28
278,-71
449,-114
619,-157
790,-200
961,-243
1131,-285
1302,-327
1473,-368
1644,-410
1814,-451
1985,-492
2156,-532
2327,-573
2498,-613
2668,-652
2839,-692
3010,-731
3181,-770
3351,-808
3522,-847
3693,-885
3863,-922
4034,-960
4204,-997
4375,-1034
4545,-1071
4715,-1107
4886,-1143
5056,-1178
5226,-1214
5396,-1249
5565,-1284
5735,-1318
5905,-1353
6074,-1387
6244,-1420
6413,-1453
6582,-1486
6751,-1519
6920,-1552
7089,-1584
7257,-1616
7426,-1647
7594,-1678
7762,-1709
7930,-1740
8098,-1770
8265,-1800
8432,-1830
8600,-1859
8767,-1888
8933,-1917
9100,-1945
9266,-1973
9432,-2001
9598,-2029
9764,-2056
9929,-2083
10094,-2109
10259,-2136
10424,-2162
10589,-2187
10753,-2213
10917,-2238
11080,-2262
11244,-2287
11407,-2311
11570,-2334
11732,-2358
11894,-2381
12056,-2404
12218,-2426
12379,-2448
12540,-2470
12701,-2492
12861,-2513
13021,-2534
13181,-2555
13340,-2575
13499,-2595
13658,-2614
13816,-2634
13974,-2653
14132,-2671
14289,-2690
14446,-2708
14602,-2726
14758,-2743
